Date Claim ID,Entity ID,Claim Type,Start Min,Start Preferred,Start Max,End Min,End Preferred,End Max,Display Date,Chronology System,Evidence / Claim Class,Precision / Uncertainty,Source ID,Claim Scope,Notes
DC-0001,ENT-0001,Legacy timeline claim (HT-0001),,,,,,,969-year lifespan,Textual / religious chronology,Textual / religious chronology,Textual/range claim; normalized numeric placement pending,SRC-0001,Legacy v0.16 timeline record,Absolute placement depends on selected biblical chronology; lifespan claim preserved independently.
DC-0002,ENT-0002,Legacy timeline claim (HT-0002),-1184,-1184,-1184,-1184,-1184,-1184,1184 BCE,Traditional chronology,Traditional chronology,Exact legacy coordinate,SRC-0002,Legacy v0.16 timeline record,Met chronology explicitly labels this a traditional date.
DC-0003,ENT-0003,Legacy timeline claim (HT-0003),-539,-539,-539,-539,-539,-539,539 BCE,Artifact / historical record,Artifact / historical record,Exact legacy coordinate,SRC-0162,Legacy v0.16 timeline record,Hard synchronization anchor.
DC-0004,ENT-0004,Legacy timeline claim (HT-0004),-539,-539,-539,-539,-539,-539,539 BCE,Artifact / inscription,Artifact / inscription,Exact legacy coordinate,SRC-0162,Legacy v0.16 timeline record,Keep artifact date separate from later interpretations.
DC-0005,ENT-0005,Legacy timeline claim (HT-0005),,,,,,,"9,000 years before the narrated Solon-era reference",Textual claim / legendary tradition,Textual claim / legendary tradition,Textual/range claim; normalized numeric placement pending,SRC-0031,Legacy v0.16 timeline record,Do not convert to a fixed BCE year until the reference chronology used for Solon is explicitly defined.
DC-0006,ENT-0006,Legacy timeline claim (HT-0006),,,,,,,4th century BCE text context,Literary / philosophical text,Literary / philosophical text,Textual/range claim; normalized numeric placement pending,SRC-0005,Legacy v0.16 timeline record,Separate author/text date from the narrative's internal date.
DC-0007,ENT-0007,Legacy timeline claim (HT-0007),-550,-550,-550,-331,-331,-331,c. 550–331 BCE,Historical chronology,Historical chronology,Exact legacy coordinate,,Legacy v0.16 timeline record,Broad dynasty bar.
DC-0008,ENT-0008,Legacy timeline claim (HT-0008),-2600,-2600,-2600,-1900,-1900,-1900,c. 2600–1900 BCE,Archaeological chronology,Archaeological chronology,Exact legacy coordinate,SRC-0014,Legacy v0.16 timeline record,Prominent civilization backbone.
DC-0009,ENT-0009,Legacy timeline claim (HT-0009),-1900,-1900,-1900,-800,-800,-800,c. 1900–800 BCE,Historical / literary chronology,Historical / literary chronology,Exact legacy coordinate,SRC-0015,Legacy v0.16 timeline record,Composition of individual Vedas should receive separate text records.
DC-0010,ENT-0010,Legacy timeline claim (HT-0010),-911,-911,-911,-612,-612,-612,c. 911–612 BCE,Historical chronology,Historical chronology,Exact legacy coordinate,SRC-0016,Legacy v0.16 timeline record,Backbone polity.
DC-0011,ENT-0011,Legacy timeline claim (HT-0011),-612,-612,-612,-539,-539,-539,612–539 BCE,Historical chronology,Historical chronology,Exact legacy coordinate,SRC-0016,Legacy v0.16 timeline record,Backbone polity.
DC-0012,ENT-0012,Legacy timeline claim (HT-0012),-331,-331,-331,-138,-138,-138,c. 331–138 BCE,Historical chronology,Historical chronology,Exact legacy coordinate,SRC-0016,Legacy v0.16 timeline record,Regional range; broader Seleucid chronology to be linked.
DC-0013,ENT-0013,Legacy timeline claim (HT-0013),-138,-138,-138,224,224,224,c. 138 BCE–224 CE,Historical chronology,Historical chronology,Exact legacy coordinate,SRC-0016,Legacy v0.16 timeline record,Backbone polity.
DC-0014,ENT-0014,Legacy timeline claim (HT-0014),-1046,-1046,-1046,-771,-771,-771,1046–771 BCE,Historical chronology,Historical chronology,Exact legacy coordinate,SRC-0035,Legacy v0.16 timeline record,Backbone dynasty.
DC-0015,ENT-0015,Legacy timeline claim (HT-0015),-770,-770,-770,-256,-256,-256,770–256 BCE,Historical chronology,Historical chronology,Exact legacy coordinate,SRC-0035,Legacy v0.16 timeline record,Backbone dynasty.
DC-0016,ENT-0016,Legacy timeline claim (HT-0016),-770,-770,-770,-476,-476,-476,770–476 BCE,Historical chronology,Historical chronology,Exact legacy coordinate,SRC-0035,Legacy v0.16 timeline record,Major political/intellectual period.
DC-0017,ENT-0017,Legacy timeline claim (HT-0017),-475,-475,-475,-221,-221,-221,475–221 BCE,Historical chronology,Historical chronology,Exact legacy coordinate,SRC-0035,Legacy v0.16 timeline record,Major political/intellectual period.
DC-0018,ENT-0018,Legacy timeline claim (HT-0018),-221,-221,-221,-206,-206,-206,221–206 BCE,Historical chronology,Historical chronology,Exact legacy coordinate,SRC-0035,Legacy v0.16 timeline record,Backbone dynasty.
DC-0019,ENT-0019,Legacy timeline claim (HT-0019),-206,-206,-206,9,9,9,206 BCE–9 CE,Historical chronology,Historical chronology,Exact legacy coordinate,SRC-0035,Legacy v0.16 timeline record,Backbone dynasty.
DC-0020,ENT-0020,Legacy timeline claim (HT-0020),-4500,-4500,-4500,-3100,-3100,-3100,c. 4500–3100 BCE,Archaeological chronology,Archaeological chronology,Exact legacy coordinate,SRC-0018,Legacy v0.16 timeline record,Deep civilization backbone.
DC-0021,ENT-0021,Legacy timeline claim (HT-0021),-3100,-3100,-3100,-2649,-2649,-2649,c. 3100–2649 BCE,Historical / archaeological chronology,Historical / archaeological chronology,Exact legacy coordinate,SRC-0018,Legacy v0.16 timeline record,Backbone period.
DC-0022,ENT-0022,Legacy timeline claim (HT-0022),-2649,-2649,-2649,-2150,-2150,-2150,c. 2649–2150 BCE,Historical chronology,Historical chronology,Exact legacy coordinate,SRC-0018,Legacy v0.16 timeline record,Major monuments get separate records.
DC-0023,ENT-0023,Legacy timeline claim (HT-0023),-2030,-2030,-2030,-1640,-1640,-1640,c. 2030–1640 BCE,Historical chronology,Historical chronology,Exact legacy coordinate,SRC-0018,Legacy v0.16 timeline record,Backbone period.
DC-0024,ENT-0024,Legacy timeline claim (HT-0024),-3700,-3700,-3700,-2800,-2800,-2800,c. 3700–2800 BCE,Archaeological chronology,Archaeological chronology,Exact legacy coordinate,SRC-0018,Legacy v0.16 timeline record,African lane backbone.
DC-0025,ENT-0025,Legacy timeline claim (HT-0025),-7000,-7000,-7000,-1800,-1800,-1800,c. 7000–1800 BCE,Archaeological chronology,Archaeological chronology,Exact legacy coordinate,SRC-0019,Legacy v0.16 timeline record,Broad pre-civilization context; later split into major milestones.
DC-0026,ENT-0026,Legacy timeline claim (HT-0026),-3000,-3000,-3000,-3000,-3000,-3000,c. 3000 BCE,Archaeological chronology,Archaeological chronology,Exact legacy coordinate,SRC-0019,Legacy v0.16 timeline record,Prominent domestication milestone.
DC-0027,ENT-0027,Legacy timeline claim (HT-0027),-100,-100,-100,280,280,280,c. 2nd century BCE–3rd century CE,Historical chronology,Historical chronology,Exact legacy coordinate,SRC-0021,Legacy v0.16 timeline record,Keep date range broad pending ruler-level reconciliation.
DC-0028,ENT-0028,Legacy timeline claim (HT-0028),-100,-100,-100,400,400,400,c. 2nd century BCE–4th century CE,Historical chronology,Historical chronology,Exact legacy coordinate,SRC-0021,Legacy v0.16 timeline record,May later split dynasties.
DC-0029,ENT-0029,Legacy timeline claim (HT-0029),-300,-300,-300,1100,1100,1100,c. 3rd century BCE–11th century CE,Historical chronology,Historical chronology,Exact legacy coordinate,SRC-0021,Legacy v0.16 timeline record,Backbone regional period.
DC-0030,ENT-0030,Legacy timeline claim (HT-0030),-323,-323,-323,-185,-185,-185,c. 323–185 BCE,Historical chronology,Historical chronology,Exact legacy coordinate,SRC-0020,Legacy v0.16 timeline record,Rulers such as Ashoka to be separate records.
DC-0031,ENT-0031,Legacy timeline claim (HT-0031),-400000,-400000,-400000,-40000,-40000,-40000,"c. 400,000–40,000 years ago",Scientific estimate,Scientific estimate,Exact legacy coordinate,SRC-0023,Legacy v0.16 timeline record,"Species-level milestone, not individual fossil catalog."
DC-0032,ENT-0032,Legacy timeline claim (HT-0032),-57000,-57000,-57000,-51000,-51000,-51000,"c. 57,000–51,000 years ago",Scientific / archaeological estimate,Scientific / archaeological estimate,Exact legacy coordinate,SRC-0024,Legacy v0.16 timeline record,Prominent migration/contact evidence; date range is approximate.
DC-0033,ENT-0033,Legacy timeline claim (HT-0033),-700,-700,-700,-117,-117,-117,c. 700–117 BCE,Historical chronology,Historical chronology,Exact legacy coordinate,SRC-0022,Legacy v0.16 timeline record,Earlier Phoenician development needs separate research.
DC-0034,ENT-0034,Legacy timeline claim (HT-0034),,,,,,,Traditional antediluvian setting; absolute dates depend on chronology model,Traditional / religious chronology,Traditional / religious chronology,Textual/range claim; normalized numeric placement pending,SRC-0027,Legacy v0.16 timeline record,Qualifies under corpus-significance exception even where independent historicity is disputed.
DC-0035,ENT-0035,Legacy timeline claim (HT-0035),,,,,,,Ancient Enochic composition; surviving Aramaic witnesses at Qumran,Textual / pseudepigraphal tradition,Textual / pseudepigraphal tradition,Textual/range claim; normalized numeric placement pending,SRC-0027,Legacy v0.16 timeline record,Do not equate attributed figure with physical manuscript author/copyist.
DC-0036,ENT-0036,Legacy timeline claim (HT-0036),,,,,,,Qumran manuscript witness,Manuscript / physical witness,Manuscript / physical witness,Textual/range claim; normalized numeric placement pending,SRC-0025,Legacy v0.16 timeline record,Exact numeric dating to be attached as a separate sourced date claim rather than inferred from the composition.
DC-0037,ENT-0037,Legacy timeline claim (HT-0037),,,,,,,Hasmonean-period manuscript,Manuscript / physical witness,Manuscript / physical witness,Textual/range claim; normalized numeric placement pending,SRC-0026,Legacy v0.16 timeline record,Prominent Enochic/DSS record; retain manuscript period without inventing a narrower year range.
DC-0038,ENT-0038,Legacy timeline claim (HT-0038),,,,,,,Second Temple period; Cave 1 complete copy and Cave 4 fragments,Manuscript / sectarian text,Manuscript / sectarian text,Textual/range claim; normalized numeric placement pending,SRC-0027,Legacy v0.16 timeline record,Major DSS corpus item; community identification should not be collapsed into a single uncontested Essene claim.
DC-0039,ENT-0039,Legacy timeline claim (HT-0039),,,,,,,Ancient sectarian work; medieval Cairo Genizah copy recognized before Qumran discoveries,Textual / manuscript tradition,Textual / manuscript tradition,Textual/range claim; normalized numeric placement pending,SRC-0027,Legacy v0.16 timeline record,Important example of a textual tradition surviving in physically separated manuscript contexts.
DC-0040,ENT-0040,Legacy timeline claim (HT-0040),-2900,-2900,-2900,-2600,-2600,-2600,early 3rd millennium BCE (probable if historical),Traditional / possible historical chronology,Traditional / possible historical chronology,Exact legacy coordinate,SRC-0028,Legacy v0.16 timeline record,Use broad range provisionally; preserve distinction between figure and later epic.
DC-0041,ENT-0041,Legacy timeline claim (HT-0041),-2000,-2000,-2000,-1000,-1000,-1000,early 2nd millennium BCE formation; rewritten in 1st millennium BCE,Literary / manuscript history,Literary / manuscript history,Exact legacy coordinate,SRC-0028,Legacy v0.16 timeline record,Broad literary-development range; individual witnesses remain separate records.
DC-0042,ENT-0042,Legacy timeline claim (HT-0042),-700,-700,-700,-601,-601,-601,7th century BCE,Artifact / manuscript,Artifact / manuscript,Exact legacy coordinate,SRC-0028,Legacy v0.16 timeline record,Prominent physical witness; BM links CDLI ID P273202.
DC-0043,ENT-0043,Legacy timeline claim (HT-0043),-700,-700,-700,-601,-601,-601,7th century BCE,Artifact / manuscript,Artifact / manuscript,Exact legacy coordinate,SRC-0029,Legacy v0.16 timeline record,High comparative-religion and literary significance.
DC-0044,ENT-0044,Legacy timeline claim (HT-0044),-399,-399,-399,-399,-399,-399,399 BCE,Historical chronology,Historical chronology,Exact legacy coordinate,SRC-0030,Legacy v0.16 timeline record,Prominent philosophical synchronization anchor.
DC-0045,ENT-0045,Legacy timeline claim (HT-0045),-428,-428,-428,-347,-347,-347,c. 428/427–348/347 BCE,Historical / approximate chronology,Historical / approximate chronology,Exact legacy coordinate,SRC-0031,Legacy v0.16 timeline record,"Keep Plato's lifespan, composition dates, and internal Atlantis chronology separate."
DC-0046,ENT-0046,Legacy timeline claim (HT-0046),-389,-389,-389,-380,-380,-380,380s BCE,Historical chronology,Historical chronology,Exact legacy coordinate,SRC-0030,Legacy v0.16 timeline record,Range encodes decade-level dating only.
DC-0047,ENT-0047,Legacy timeline claim (HT-0047),-335,-335,-335,-335,-335,-335,335 BCE,Historical chronology,Historical chronology,Exact legacy coordinate,SRC-0030,Legacy v0.16 timeline record,Aristotle lifespan to be added as a separate person record in later pass.
DC-0048,ENT-0048,Legacy timeline claim (HT-0048),-323,-323,-323,-323,-323,-323,323 BCE,Historical chronology,Historical chronology,Exact legacy coordinate,SRC-0030,Legacy v0.16 timeline record,Hard synchronization anchor; full lifespan/conquests to be expanded separately.
DC-0049,ENT-0049,Legacy timeline claim (HT-0049),325,325,325,375,375,375,2nd quarter–3rd quarter of 4th century CE,Manuscript / palaeographic chronology,Manuscript / palaeographic chronology,Exact legacy coordinate,SRC-0032,Legacy v0.16 timeline record,Physical codex date; not a composition date for the works it contains.
DC-0050,ENT-0050,Legacy timeline claim (HT-0050),325,325,325,375,375,375,4th-century physical witness,Manuscript witness,Manuscript witness,Exact legacy coordinate,SRC-0033,Legacy v0.16 timeline record,Presence in this codex is historically important and does not by itself establish universal canonical status.
DC-0051,ENT-0051,Legacy timeline claim (HT-0051),325,325,325,375,375,375,4th-century physical witness,Manuscript witness,Manuscript witness,Exact legacy coordinate,SRC-0033,Legacy v0.16 timeline record,Track work composition separately from this surviving manuscript witness.
DC-0052,ENT-0052,Legacy timeline claim (HT-0052),-551,-551,-551,-479,-479,-479,trad. 551–479 BCE,Traditional biographical / historical chronology,Traditional biographical / historical chronology,Exact legacy coordinate,SRC-0034,Legacy v0.16 timeline record,Retain traditional dates while noting later-source biographical uncertainty.
DC-0053,ENT-0053,Legacy timeline claim (HT-0053),-500,-500,-500,-200,-200,-200,compiled over centuries after Confucius,Textual / composite tradition,Textual / composite tradition,Exact legacy coordinate,,Legacy v0.16 timeline record,Composition range is intentionally broad; individual textual strata may later receive separate claims.
DC-0054,ENT-0054,Legacy timeline claim (HT-0054),-400,-400,-400,-200,-200,-200,c. 400–200 BCE,Textual chronology,Textual chronology,Exact legacy coordinate,SRC-0035,Legacy v0.16 timeline record,Text date kept separate from traditional Laozi biography.
DC-0055,ENT-0055,Legacy timeline claim (HT-0055),,,,,,,traditionally placed in ancient Zhou-era China,Traditional / biographical tradition,Traditional / biographical tradition,Textual/range claim; normalized numeric placement pending,,Legacy v0.16 timeline record,Do not force a numeric lifespan where sources/traditions are too uncertain; text chronology is separately plotted.
DC-0056,ENT-0056,Legacy timeline claim (HT-0056),-556,-556,-556,-483,-483,-483,traditional dates c. 556–483 BCE,Traditional religious chronology,Traditional religious chronology,Exact legacy coordinate,SRC-0036,Legacy v0.16 timeline record,Alternative chronology record; do not overwrite with scholarly estimate.
DC-0057,ENT-0056,Legacy timeline claim (HT-0057),,,,-400,-400,-400,d. c. 400 BCE,Historical / scholarly estimate,Historical / scholarly estimate,Exact legacy coordinate,SRC-0036,Legacy v0.16 timeline record,Birth year left unset rather than fabricated; this is a competing date claim.
DC-0058,ENT-0058,Legacy timeline claim (HT-0058),,,,,,,c. 5th century BCE emergence of Jainism,Traditional / historical religious chronology,Traditional / historical religious chronology,Textual/range claim; normalized numeric placement pending,SRC-0037,Legacy v0.16 timeline record,Do not assign disputed lifespan until specific competing Jain/scholarly chronologies are sourced separately.
DC-0059,ENT-0059,Legacy timeline claim (HT-0059),-540,-540,-540,-493,-493,-493,540–493 BCE,Historical chronology,Historical chronology,Exact legacy coordinate,SRC-0037,Legacy v0.16 timeline record,Important contemporary context for early Buddhist/Jain period.
DC-0060,ENT-0060,Legacy timeline claim (HT-0060),-493,-493,-493,-461,-461,-461,493–461 BCE,Historical chronology,Historical chronology,Exact legacy coordinate,SRC-0037,Legacy v0.16 timeline record,Important contemporary context for early Buddhist/Jain period.
DC-0061,ENT-0061,Legacy timeline claim (HT-0061),-273,-273,-273,-232,-232,-232,r. c. 273–232 BCE,Historical chronology,Historical chronology,Exact legacy coordinate,SRC-0038,Legacy v0.16 timeline record,Some sources use c. 272 rather than c. 273 for accession; retain source-specific date claims if needed.
DC-0062,ENT-0062,Legacy timeline claim (HT-0062),-254,-254,-254,-232,-232,-232,from c. 254 BCE during Ashoka's reign,Artifact / inscription chronology,Artifact / inscription chronology,Exact legacy coordinate,SRC-0038,Legacy v0.16 timeline record,Corpus-level artifact entry; individual major edicts/pillars may qualify separately.
DC-0063,ENT-0063,Legacy timeline claim (HT-0063),-300,-300,-300,-200,-200,-200,c. 3rd century BCE oral composition milestone,Oral / literary chronology,Oral / literary chronology,Exact legacy coordinate,SRC-0037,Legacy v0.16 timeline record,Do not equate this milestone with the traditional internal chronology of epic events; those require separate records.
DC-0064,ENT-0064,Legacy timeline claim (HT-0064),-300,-300,-300,-200,-200,-200,c. 3rd century BCE oral composition milestone,Oral / literary chronology,Oral / literary chronology,Exact legacy coordinate,SRC-0037,Legacy v0.16 timeline record,Traditional internal event chronology to be represented separately when sourced.
DC-0065,ENT-0065,Legacy timeline claim (HT-0065),-1100,-1100,-1100,-900,-900,-900,c. 1000 BCE ± roughly a century,Disputed scholarly chronology,Disputed scholarly chronology,Exact legacy coordinate,SRC-0039,Legacy v0.16 timeline record,Explicitly preserve controversy rather than selecting a false exact date.
DC-0066,ENT-0065,Legacy timeline claim (HT-0066),,,,,,,proposals range from 2nd millennium BCE to '258 years before Alexander',Traditional / disputed chronology,Traditional / disputed chronology,Textual/range claim; normalized numeric placement pending,SRC-0039,Legacy v0.16 timeline record,Future DateClaims model should store each major chronology independently.
DC-0067,ENT-0067,Legacy timeline claim (HT-0067),-259,-259,-259,-210,-210,-210,259–210 BCE,Historical chronology,Historical chronology,Exact legacy coordinate,SRC-0041,Legacy v0.16 timeline record,One of the strongest cross-civilization synchronization figures of the late 3rd century BCE.
DC-0068,ENT-0068,Legacy timeline claim (HT-0068),-221,-221,-221,-210,-210,-210,late 3rd century BCE,Archaeological / funerary chronology,Archaeological / funerary chronology,Exact legacy coordinate,SRC-0041,Legacy v0.16 timeline record,Landmark artifact complex; no need to catalog individual warrior statues.
DC-0069,ENT-0069,Legacy timeline claim (HT-0069),-145,-145,-145,-80,-80,-80,c. 145–80 BCE,Historical / approximate chronology,Historical / approximate chronology,Exact legacy coordinate,SRC-0035,Legacy v0.16 timeline record,High-value author/chronographer for cross-cultural timeline.
DC-0070,ENT-0070,Legacy timeline claim (HT-0070),-100,-100,-100,-80,-80,-80,late 2nd–early 1st century BCE,Textual / historical chronology,Textual / historical chronology,Exact legacy coordinate,SRC-0035,Legacy v0.16 timeline record,Composition range approximate within Sima Qian's career.
DC-0071,ENT-0071,Legacy timeline claim (HT-0071),-27,-27,-27,14,14,14,r. 27 BCE–14 CE,Historical chronology,Historical chronology,Exact legacy coordinate,SRC-0042,Legacy v0.16 timeline record,Reign record; lifespan can be added separately if useful.
DC-0072,ENT-0072,Legacy timeline claim (HT-0072),14,14,14,37,37,37,r. 14–37 CE,Historical chronology,Historical chronology,Exact legacy coordinate,SRC-0042,Legacy v0.16 timeline record,Critical synchronization ruler for New Testament chronology.
DC-0073,ENT-0073,Legacy timeline claim (HT-0073),-6,-6,-6,33,33,33,c. 6–4 BCE birth; death commonly debated c. 29–33 CE,Historical / textual / disputed chronology,Historical / textual / disputed chronology,Exact legacy coordinate,SRC-0043,Legacy v0.16 timeline record,Broad display range deliberately encompasses major proposals; later DateClaims should split birth/death alternatives precisely.
DC-0074,ENT-0074,Legacy timeline claim (HT-0074),-520,-520,-520,70,70,70,520 BCE–70 CE,Historical chronology,Historical chronology,Exact legacy coordinate,SRC-0044,Legacy v0.16 timeline record,Provides context for DSS and early Christianity.
DC-0075,ENT-0075,Legacy timeline claim (HT-0075),70,70,70,70,70,70,70 CE,Historical chronology,Historical chronology,Exact legacy coordinate,SRC-0047,Legacy v0.16 timeline record,Hard synchronization anchor.
DC-0076,ENT-0076,Legacy timeline claim (HT-0076),100,100,100,150,150,150,c. 1st–2nd century CE,Historical / cultural chronology,Historical / cultural chronology,Exact legacy coordinate,SRC-0046,Legacy v0.16 timeline record,Important diffusion relationship connecting South/Central/East Asia.
DC-0077,ENT-0077,Legacy timeline claim (HT-0077),148,148,148,170,170,170,from c. 148 CE,Historical / textual chronology,Historical / textual chronology,Exact legacy coordinate,SRC-0046,Legacy v0.16 timeline record,End year approximate placeholder for activity span; refine from specialist source before final rendering.
DC-0078,ENT-0078,Legacy timeline claim (HT-0078),-300,-300,-300,-100,-100,-100,3rd–2nd centuries BCE,Textual / translation chronology,Textual / translation chronology,Exact legacy coordinate,SRC-0044,Legacy v0.16 timeline record,Major canon/textual-history record; individual books and translation phases can later be split.
DC-0079,ENT-0079,Legacy timeline claim (HT-0079),,,,,,,Second Temple period manuscript tradition,Manuscript / sectarian-apocalyptic text,Manuscript / sectarian-apocalyptic text,Textual/range claim; normalized numeric placement pending,SRC-0045,Legacy v0.16 timeline record,Prominent DSS work under corpus-significance rule.
DC-0080,ENT-0080,Legacy timeline claim (HT-0080),,,,,,,Second Temple period manuscript tradition,Manuscript / commentary,Manuscript / commentary,Textual/range claim; normalized numeric placement pending,SRC-0045,Legacy v0.16 timeline record,Teacher of Righteousness/Wicked Priest relationship layer to be added after specialist-source reconciliation.
DC-0081,ENT-0081,Legacy timeline claim (HT-0081),,,,,,,Second Temple period manuscript tradition,Manuscript / rewritten biblical narrative,Manuscript / rewritten biblical narrative,Textual/range claim; normalized numeric placement pending,SRC-0045,Legacy v0.16 timeline record,Major DSS work; physical manuscript dating to be added from IAA catalog.
DC-0082,ENT-0082,Legacy timeline claim (HT-0082),-1500,-1500,-1500,-400,-400,-400,c. 1500–400 BCE,Archaeological chronology,Archaeological chronology,Exact legacy coordinate,SRC-0048,Legacy v0.16 timeline record,Civilization-level record; do not reduce Olmec history to individual colossal heads.
DC-0083,ENT-0083,Legacy timeline claim (HT-0083),-900,-900,-900,-200,-200,-200,c. 900–200 BCE,Archaeological chronology,Archaeological chronology,Exact legacy coordinate,SRC-0064,Legacy v0.16 timeline record,Major Andean synchronization layer.
DC-0084,ENT-0084,Legacy timeline claim (HT-0084),-1000,-1000,-1000,250,250,250,c. 1000 BCE–250 CE,Archaeological chronology,Archaeological chronology,Exact legacy coordinate,SRC-0050,Legacy v0.16 timeline record,Broad cultural period; major sites/rulers later receive separate records.
DC-0085,ENT-0085,Legacy timeline claim (HT-0085),-3114,-3114,-3114,-3114,-3114,-3114,3114 BCE correlation,Traditional / calendrical chronology,Traditional / calendrical chronology,Exact legacy coordinate,SRC-0050,Legacy v0.16 timeline record,"Calendar epoch, not a claim that Maya civilization itself began in 3114 BCE."
DC-0086,ENT-0086,Legacy timeline claim (HT-0086),-500,-500,-500,500,500,500,from c. 500 BCE; major early urban center,Archaeological chronology,Archaeological chronology,Exact legacy coordinate,SRC-0049,Legacy v0.16 timeline record,"End year is a provisional display horizon, not site abandonment date; refine in site-specific pass."
DC-0087,ENT-0087,Legacy timeline claim (HT-0087),-150,-150,-150,550,550,550,c. 150 BCE–550 CE broad rise/flourishing,Archaeological chronology,Archaeological chronology,Exact legacy coordinate,SRC-0049,Legacy v0.16 timeline record,Broad display range pending site-specific chronology source.
DC-0088,ENT-0088,Legacy timeline claim (HT-0088),-700,-700,-700,100,100,100,c. 700 BCE–100 CE,Archaeological chronology,Archaeological chronology,Exact legacy coordinate,SRC-0051,Legacy v0.16 timeline record,Andean backbone.
DC-0089,ENT-0089,Legacy timeline claim (HT-0089),100,100,100,700,700,700,c. 100–700 CE,Archaeological chronology,Archaeological chronology,Exact legacy coordinate,SRC-0051,Legacy v0.16 timeline record,Nazca geoglyphs should later receive a distinct landmark record.
DC-0090,ENT-0090,Legacy timeline claim (HT-0090),100,100,100,800,800,800,c. 100–800 CE,Archaeological chronology,Archaeological chronology,Exact legacy coordinate,SRC-0051,Legacy v0.16 timeline record,Andean backbone.
DC-0091,ENT-0091,Legacy timeline claim (HT-0091),400,400,400,1100,1100,1100,c. 400–1100 CE,Archaeological chronology,Archaeological chronology,Exact legacy coordinate,SRC-0052,Legacy v0.16 timeline record,Backbone for later first millennium and early second millennium.
DC-0092,ENT-0092,Legacy timeline claim (HT-0092),400,400,400,1000,1000,1000,c. 400–1000 CE,Archaeological chronology,Archaeological chronology,Exact legacy coordinate,SRC-0051,Legacy v0.16 timeline record,Important simultaneity pair with Tiwanaku.
DC-0093,ENT-0093,Legacy timeline claim (HT-0093),1000,1000,1000,1438,1438,1438,c. 1000–1438 CE,Archaeological / historical chronology,Archaeological / historical chronology,Exact legacy coordinate,SRC-0052,Legacy v0.16 timeline record,Later imperial Inca record to be added separately.
DC-0094,ENT-0094,Legacy timeline claim (HT-0094),-1000,-1000,-1000,-100,-100,-100,c. 1000–100 BCE,Archaeological chronology,Archaeological chronology,Exact legacy coordinate,SRC-0053,Legacy v0.16 timeline record,North American backbone; not a single centralized polity.
DC-0095,ENT-0095,Legacy timeline claim (HT-0095),-200,-200,-200,500,500,500,c. 200 BCE–500 CE,Archaeological chronology,Archaeological chronology,Exact legacy coordinate,SRC-0054,Legacy v0.16 timeline record,Avoid treating Hopewell as one ethnic group or empire.
DC-0096,ENT-0096,Legacy timeline claim (HT-0096),200,200,200,1450,1450,1450,c. 200–1450 CE,Archaeological chronology,Archaeological chronology,Exact legacy coordinate,SRC-0055,Legacy v0.16 timeline record,Broad culture record.
DC-0097,ENT-0097,Legacy timeline claim (HT-0097),700,700,700,1600,1600,1600,c. 700–1600 CE,Archaeological chronology,Archaeological chronology,Exact legacy coordinate,SRC-0055,Legacy v0.16 timeline record,Use culturally respectful terminology; specific modern descendant communities should not be collapsed into one identity.
DC-0098,ENT-0098,Legacy timeline claim (HT-0098),900,900,900,900,900,900,c. 900 CE,Archaeological chronology,Archaeological chronology,Exact legacy coordinate,SRC-0055,Legacy v0.16 timeline record,High-value North American architectural synchronization anchor.
DC-0099,ENT-0099,Legacy timeline claim (HT-0099),800,800,800,1600,1600,1600,c. 800–1600 CE,Archaeological chronology,Archaeological chronology,Exact legacy coordinate,SRC-0055,Legacy v0.16 timeline record,Later Cahokia deserves separate feature-level record.
DC-0100,ENT-0100,Legacy timeline claim (HT-0100),-4000,-4000,-4000,-2500,-2500,-2500,c. 4000–2500 BCE,Archaeological / linguistic-cultural chronology,Archaeological / linguistic-cultural chronology,Exact legacy coordinate,SRC-0056,Legacy v0.16 timeline record,Broad migration layer; individual island settlement dates remain separate.
DC-0101,ENT-0101,Legacy timeline claim (HT-0101),-1500,-1500,-1500,-500,-500,-500,c. 1500–500 BCE,Archaeological chronology,Archaeological chronology,Exact legacy coordinate,SRC-0058,Legacy v0.16 timeline record,Major Pacific migration/culture anchor.
DC-0102,ENT-0102,Legacy timeline claim (HT-0102),-1300,-1300,-1300,-1000,-1000,-1000,c. 1300–1000 BCE,Archaeological chronology,Archaeological chronology,Exact legacy coordinate,SRC-0057,Legacy v0.16 timeline record,Strong synchronization milestone with Late Bronze/Iron Age transitions elsewhere.
DC-0103,ENT-0103,Legacy timeline claim (HT-0103),-60000,-60000,-60000,-40000,-40000,-40000,"roughly 60,000–40,000 years ago",Archaeological / scientific estimate,Archaeological / scientific estimate,Exact legacy coordinate,SRC-0056,Legacy v0.16 timeline record,Broad range reflects source wording; specialist archaeology pass can refine competing estimates.
DC-0104,ENT-0104,Legacy timeline claim (HT-0104),-7000,-7000,-7000,-7000,-7000,-7000,c. 7000 BCE,Archaeological chronology,Archaeological chronology,Exact legacy coordinate,SRC-0056,Legacy v0.16 timeline record,Major independent/early agricultural-development anchor.
DC-0105,ENT-0105,Legacy timeline claim (HT-0105),-500,-500,-500,200,200,200,c. 500 BCE–200 CE,Archaeological chronology,Archaeological chronology,Exact legacy coordinate,SRC-0059,Legacy v0.16 timeline record,Do not assert speculative direct continuity with later Ife portraiture.
DC-0106,ENT-0106,Legacy timeline claim (HT-0106),-500,-500,-500,500,500,500,"early Iron Age context, first millennium BCE/CE",Archaeological chronology,Archaeological chronology,Exact legacy coordinate,SRC-0062,Legacy v0.16 timeline record,Keep technology claim at cautious regional/cultural level.
DC-0107,ENT-0107,Legacy timeline claim (HT-0107),-760,-760,-760,350,350,350,c. 760 BCE–350 CE,Historical / archaeological chronology,Historical / archaeological chronology,Exact legacy coordinate,SRC-0060,Legacy v0.16 timeline record,Major African synchronization backbone.
DC-0108,ENT-0108,Legacy timeline claim (HT-0108),-300,-300,-300,350,350,350,c. 300 BCE–350 CE broad Meroitic phase,Historical / archaeological chronology,Historical / archaeological chronology,Exact legacy coordinate,SRC-0060,Legacy v0.16 timeline record,Broad provisional phase; specialist Nubian source needed for finer date claims.
DC-0109,ENT-0109,Legacy timeline claim (HT-0109),1,1,1,800,800,800,1st–8th centuries CE,Historical / archaeological chronology,Historical / archaeological chronology,Exact legacy coordinate,SRC-0061,Legacy v0.16 timeline record,Major African/Red Sea/Indian Ocean synchronization backbone.
DC-0110,ENT-0110,Legacy timeline claim (HT-0110),300,300,300,400,400,400,4th century CE,Historical chronology,Historical chronology,Exact legacy coordinate,SRC-0061,Legacy v0.16 timeline record,Refine with Ezana-specific inscriptions/coinage in later pass.
DC-0111,ENT-0111,Legacy timeline claim (HT-0111),-250,-250,-250,1400,1400,1400,c. 250 BCE–1400 CE,Archaeological chronology,Archaeological chronology,Exact legacy coordinate,SRC-0062,Legacy v0.16 timeline record,Met describes it as the oldest known city of sub-Saharan Africa.
DC-0112,ENT-0112,Legacy timeline claim (HT-0112),300,300,300,1075,1075,1075,c. 300?–1075 CE,Historical / approximate chronology,Historical / approximate chronology,Exact legacy coordinate,SRC-0062,Legacy v0.16 timeline record,Question mark on early date preserved from source.
DC-0113,ENT-0113,Legacy timeline claim (HT-0113),700,700,700,1900,1900,1900,8th–early 20th century CE,Historical / archaeological chronology,Historical / archaeological chronology,Exact legacy coordinate,SRC-0063,Legacy v0.16 timeline record,"Later pass should separate early Swahili towns, Islamization and major city-states."
DC-0114,ENT-0114,Legacy timeline claim (HT-0114),330,330,330,1453,1453,1453,330–1453 CE,Historical chronology,Historical chronology,Exact legacy coordinate,SRC-0065,Legacy v0.16 timeline record,Long-duration backbone; individual dynasties/events separately qualify.
DC-0115,ENT-0115,Legacy timeline claim (HT-0115),527,527,527,565,565,565,r. 527–565 CE,Historical chronology,Historical chronology,Exact legacy coordinate,SRC-0179,Legacy v0.16 timeline record,Reign rather than lifespan.
DC-0116,ENT-0116,Legacy timeline claim (HT-0116),532,532,532,537,537,537,532–537 CE,Historical / architectural chronology,Historical / architectural chronology,Exact legacy coordinate,SRC-0067,Legacy v0.16 timeline record,Landmark architectural synchronization anchor.
DC-0117,ENT-0117,Legacy timeline claim (HT-0117),570,570,570,632,632,632,c. 570–632 CE,Historical / religious chronology,Historical / religious chronology,Exact legacy coordinate,SRC-0068,Legacy v0.16 timeline record,Use religious/historical classification without adjudicating theological claims.
DC-0118,ENT-0118,Legacy timeline claim (HT-0118),622,622,622,622,622,622,622 CE,Historical / religious chronology,Historical / religious chronology,Exact legacy coordinate,SRC-0068,Legacy v0.16 timeline record,Strong calendrical and political synchronization anchor.
DC-0119,ENT-0119,Legacy timeline claim (HT-0119),632,632,632,750,750,750,632–750 CE,Historical chronology,Historical chronology,Exact legacy coordinate,SRC-0069,Legacy v0.16 timeline record,Later split Rashidun/Umayyad where ruler-level resolution is needed.
DC-0120,ENT-0120,Legacy timeline claim (HT-0120),750,750,750,1258,1258,1258,750–1258 CE,Historical chronology,Historical chronology,Exact legacy coordinate,SRC-0070,Legacy v0.16 timeline record,"Political authority fragmented before 1258; bar represents dynasty/caliphate, not uniform control."
DC-0121,ENT-0121,Legacy timeline claim (HT-0121),618,618,618,907,907,907,618–907 CE,Historical chronology,Historical chronology,Exact legacy coordinate,SRC-0071,Legacy v0.16 timeline record,East Asian backbone.
DC-0122,ENT-0122,Legacy timeline claim (HT-0122),960,960,960,1279,1279,1279,960–1279 CE,Historical chronology,Historical chronology,Exact legacy coordinate,SRC-0190,Legacy v0.16 timeline record,Can later split Northern and Southern Song.
DC-0123,ENT-0123,Legacy timeline claim (HT-0123),1040,1040,1040,1048,1048,1048,c. 1040s CE,Historical / technological chronology,Historical / technological chronology,Exact legacy coordinate,SRC-0089,Legacy v0.16 timeline record,Technology milestone; distinguish from earlier woodblock printing and later metal type.
DC-0124,ENT-0124,Legacy timeline claim (HT-0124),1271,1271,1271,1368,1368,1368,1271–1368 CE,Historical chronology,Historical chronology,Exact legacy coordinate,SRC-0073,Legacy v0.16 timeline record,Connect to Mongol Empire rather than treating Yuan as isolated Chinese dynasty.
DC-0125,ENT-0125,Legacy timeline claim (HT-0125),1206,1206,1206,1368,1368,1368,1206–14th century CE,Historical chronology,Historical chronology,Exact legacy coordinate,SRC-0191,Legacy v0.16 timeline record,Broad imperial network; successor khanates later separate.
DC-0126,ENT-0126,Legacy timeline claim (HT-0126),320,320,320,550,550,550,c. 320–550 CE,Historical chronology,Historical chronology,Exact legacy coordinate,SRC-0075,Legacy v0.16 timeline record,South Asian backbone.
DC-0127,ENT-0127,Legacy timeline claim (HT-0127),850,850,850,1279,1279,1279,c. 850–1279 CE,Historical chronology,Historical chronology,Exact legacy coordinate,SRC-0184,Legacy v0.16 timeline record,Earlier Chola history predates this selected imperial display range.
DC-0128,ENT-0128,Legacy timeline claim (HT-0128),802,802,802,1431,1431,1431,802–1431 CE,Historical / archaeological chronology,Historical / archaeological chronology,Exact legacy coordinate,SRC-0077,Legacy v0.16 timeline record,Southeast Asian backbone.
DC-0129,ENT-0129,Legacy timeline claim (HT-0129),1113,1113,1113,1150,1150,1150,early 12th century CE,Historical / architectural chronology,Historical / architectural chronology,Exact legacy coordinate,SRC-0077,Legacy v0.16 timeline record,Landmark feature record.
DC-0130,ENT-0130,Legacy timeline claim (HT-0130),1230,1230,1230,1600,1600,1600,c. 1230–1600 CE,Historical chronology,Historical chronology,Exact legacy coordinate,SRC-0078,Legacy v0.16 timeline record,Broad imperial chronology.
DC-0131,ENT-0131,Legacy timeline claim (HT-0131),1324,1324,1324,1325,1325,1325,1324–1325 CE,Historical chronology,Historical chronology,Exact legacy coordinate,,Legacy v0.16 timeline record,"High-value synchronization event connecting West Africa, North Africa and Arabia."
DC-0132,ENT-0132,Legacy timeline claim (HT-0132),1464,1464,1464,1591,1591,1591,c. 1464–1591 CE,Historical chronology,Historical chronology,Exact legacy coordinate,SRC-0078,Legacy v0.16 timeline record,Late-medieval/early-modern bridge.
DC-0133,ENT-0133,Legacy timeline claim (HT-0133),1100,1100,1100,1450,1450,1450,c. 1100–1450 CE,Archaeological / historical chronology,Archaeological / historical chronology,Exact legacy coordinate,SRC-0079,Legacy v0.16 timeline record,Critical southern African synchronization anchor.
DC-0134,ENT-0134,Legacy timeline claim (HT-0134),1100,1100,1100,1500,1500,1500,c. 12th–15th centuries CE,Historical / archaeological chronology,Historical / archaeological chronology,Exact legacy coordinate,SRC-0080,Legacy v0.16 timeline record,Connects Great Zimbabwe and inland gold networks to Indian Ocean world.
DC-0135,ENT-0135,Legacy timeline claim (HT-0135),793,793,793,1066,1066,1066,793–1066 CE conventional range,Historical chronology,Historical chronology,Exact legacy coordinate,SRC-0081,Legacy v0.16 timeline record,"Conventional periodization, not abrupt cultural boundaries."
DC-0136,ENT-0136,Legacy timeline claim (HT-0136),985,985,985,1000,1000,1000,c. 985–1000 CE establishment,Historical / archaeological chronology,Historical / archaeological chronology,Exact legacy coordinate,,Legacy v0.16 timeline record,Feature-level bridge toward North American contact.
DC-0137,ENT-0137,Legacy timeline claim (HT-0137),1000,1000,1000,1020,1020,1020,c. 1000 CE,Archaeological chronology,Archaeological chronology,Exact legacy coordinate,SRC-0082,Legacy v0.16 timeline record,Hard cross-Atlantic synchronization anchor.
DC-0138,ENT-0138,Legacy timeline claim (HT-0138),1050,1050,1050,1350,1350,1350,c. 1050–1350 CE,Archaeological chronology,Archaeological chronology,Exact legacy coordinate,SRC-0083,Legacy v0.16 timeline record,Excellent comparison with contemporaneous medieval Eurasian/African cities.
DC-0139,ENT-0139,Legacy timeline claim (HT-0139),250,250,250,900,900,900,c. 250–900 CE,Archaeological / historical chronology,Archaeological / historical chronology,Exact legacy coordinate,SRC-0084,Legacy v0.16 timeline record,Ruler/site records later added selectively.
DC-0140,ENT-0140,Legacy timeline claim (HT-0140),1428,1428,1428,1521,1521,1521,1428–1521 CE,Historical chronology,Historical chronology,Exact legacy coordinate,SRC-0085,Legacy v0.16 timeline record,Use Mexica/Aztec terminology carefully; empire comprised many subject polities.
DC-0141,ENT-0141,Legacy timeline claim (HT-0141),1325,1325,1325,1521,1521,1521,traditional foundation 1325–1521 CE,Traditional / historical chronology,Traditional / historical chronology,Exact legacy coordinate,SRC-0085,Legacy v0.16 timeline record,Foundation date is traditional; destruction/conquest 1521 historical.
DC-0142,ENT-0142,Legacy timeline claim (HT-0142),1438,1438,1438,1533,1533,1533,c. 1438–1533 CE,Historical chronology,Historical chronology,Exact legacy coordinate,SRC-0086,Legacy v0.16 timeline record,End date marks Spanish conquest of imperial center; regional resistance continued.
DC-0143,ENT-0143,Legacy timeline claim (HT-0143),1250,1250,1250,1300,1300,1300,c. 1250–1300 CE,Archaeological chronology,Archaeological chronology,Exact legacy coordinate,SRC-0091,Legacy v0.16 timeline record,Use indigenous and archaeological scholarship together in later refinement.
DC-0144,ENT-0144,Legacy timeline claim (HT-0144),1000,1000,1000,1200,1200,1200,c. 1000–1200 CE broad chronology,Archaeological / cultural chronology,Archaeological / cultural chronology,Exact legacy coordinate,SRC-0092,Legacy v0.16 timeline record,Broad range pending specialist chronology reconciliation.
DC-0145,ENT-0145,Legacy timeline claim (HT-0145),1095,1095,1095,1291,1291,1291,1095–1291 CE,Historical chronology,Historical chronology,Exact legacy coordinate,SRC-0192,Legacy v0.16 timeline record,Avoid framing as only a Europe-vs-Islam binary; actors and motives varied.
DC-0146,ENT-0146,Legacy timeline claim (HT-0146),1346,1346,1346,1353,1353,1353,c. 1346–1353 CE major wave,Historical / epidemiological chronology,Historical / epidemiological chronology,Exact legacy coordinate,SRC-0201,Legacy v0.16 timeline record,Later scientific/genomic source pass should refine origin and spread.
DC-0147,ENT-0147,Legacy timeline claim (HT-0147),1453,1453,1453,1453,1453,1453,1453 CE,Historical chronology,Historical chronology,Exact legacy coordinate,SRC-0065,Legacy v0.16 timeline record,Hard synchronization anchor near transition to early modern period.
DC-0148,ENT-0148,Legacy timeline claim (HT-0148),1368,1368,1368,1644,1644,1644,1368–1644 CE,Historical chronology,Historical chronology,Exact legacy coordinate,SRC-0088,Legacy v0.16 timeline record,Bridges medieval/early modern.
DC-0149,ENT-0149,Legacy timeline claim (HT-0149),1405,1405,1405,1433,1433,1433,1405–1433 CE,Historical chronology,Historical chronology,Exact legacy coordinate,SRC-0088,Legacy v0.16 timeline record,Excellent cross-region synchronization feature.
DC-0150,ENT-0150,Legacy timeline claim (HT-0150),1299,1299,1299,1922,1922,1922,c. 1299–1922 CE,Historical chronology,Historical chronology,Exact legacy coordinate,SRC-0093,Legacy v0.16 timeline record,Broad backbone; territorial extent varied greatly.
DC-0151,ENT-0151,Legacy timeline claim (HT-0151),1520,1520,1520,1566,1566,1566,r. 1520–1566 CE,Historical chronology,Historical chronology,Exact legacy coordinate,SRC-0094,Legacy v0.16 timeline record,Reign record.
DC-0152,ENT-0152,Legacy timeline claim (HT-0152),1501,1501,1501,1722,1722,1722,1501–1722 CE major phase,Historical chronology,Historical chronology,Exact legacy coordinate,SRC-0095,Legacy v0.16 timeline record,Later restoration episodes not represented in this main bar.
DC-0153,ENT-0153,Legacy timeline claim (HT-0153),1587,1587,1587,1629,1629,1629,r. 1587–1629 CE,Historical chronology,Historical chronology,Exact legacy coordinate,SRC-0095,Legacy v0.16 timeline record,Reign record.
DC-0154,ENT-0154,Legacy timeline claim (HT-0154),1526,1526,1526,1858,1858,1858,1526–1858 CE,Historical chronology,Historical chronology,Exact legacy coordinate,SRC-0096,Legacy v0.16 timeline record,Political control contracted substantially before formal end.
DC-0155,ENT-0155,Legacy timeline claim (HT-0155),1556,1556,1556,1605,1605,1605,r. 1556–1605 CE,Historical chronology,Historical chronology,Exact legacy coordinate,SRC-0096,Legacy v0.16 timeline record,Reign record.
DC-0156,ENT-0156,Legacy timeline claim (HT-0156),1632,1632,1632,1653,1653,1653,c. 1632–1653 CE,Historical / architectural chronology,Historical / architectural chronology,Exact legacy coordinate,SRC-0097,Legacy v0.16 timeline record,Landmark architecture anchor.
DC-0157,ENT-0157,Legacy timeline claim (HT-0157),1603,1603,1603,1868,1868,1868,1603–1868 CE,Historical chronology,Historical chronology,Exact legacy coordinate,SRC-0098,Legacy v0.16 timeline record,Edo cultural period often dated 1615–1868; political shogunate begins 1603.
DC-0158,ENT-0158,Legacy timeline claim (HT-0158),1600,1600,1600,1600,1600,1600,1600 CE,Historical chronology,Historical chronology,Exact legacy coordinate,SRC-0098,Legacy v0.16 timeline record,Hard Japanese synchronization anchor.
DC-0159,ENT-0159,Legacy timeline claim (HT-0159),1644,1644,1644,1911,1911,1911,1644–1911 CE,Historical chronology,Historical chronology,Exact legacy coordinate,SRC-0099,Legacy v0.16 timeline record,East Asian backbone.
DC-0160,ENT-0160,Legacy timeline claim (HT-0160),1662,1662,1662,1722,1722,1722,r. 1662–1722 CE,Historical chronology,Historical chronology,Exact legacy coordinate,SRC-0099,Legacy v0.16 timeline record,Reign record.
DC-0161,ENT-0161,Legacy timeline claim (HT-0161),1440,1440,1440,1897,1897,1897,c. 15th century–1897 CE,Historical chronology,Historical chronology,Exact legacy coordinate,SRC-0100,Legacy v0.16 timeline record,Kingdom predates this display range; selected bar emphasizes documented early-modern florescence.
DC-0162,ENT-0162,Legacy timeline claim (HT-0162),1500,1500,1500,1700,1700,1700,16th–17th centuries major corpus,Historical / art-historical chronology,Historical / art-historical chronology,Exact legacy coordinate,SRC-0100,Legacy v0.16 timeline record,"Corpus-level feature, not individual-object dump."
DC-0163,ENT-0163,Legacy timeline claim (HT-0163),1390,1390,1390,1914,1914,1914,c. 1390–1914 CE,Historical chronology,Historical chronology,Exact legacy coordinate,SRC-0101,Legacy v0.16 timeline record,Broad backbone.
DC-0164,ENT-0164,Legacy timeline claim (HT-0164),1491,1491,1491,1500,1500,1500,from 1491 CE,Historical chronology,Historical chronology,Exact legacy coordinate,SRC-0101,Legacy v0.16 timeline record,Do not portray as simple European cultural replacement.
DC-0165,ENT-0165,Legacy timeline claim (HT-0165),1501,1501,1501,1867,1867,1867,c. 1501–1867 CE,Historical chronology,Historical chronology,Exact legacy coordinate,SRC-0102,Legacy v0.16 timeline record,Use specialist quantitative database for later route/volume claims; distinguish Atlantic trade from older slave systems.
DC-0166,ENT-0166,Legacy timeline claim (HT-0166),1501,1501,1501,1867,1867,1867,16th–19th centuries,Historical chronology,Historical chronology,Exact legacy coordinate,SRC-0102,Legacy v0.16 timeline record,Feature-level human-history record.
DC-0167,ENT-0167,Legacy timeline claim (HT-0167),1492,1492,1492,1493,1493,1493,1492–1493 CE,Historical chronology,Historical chronology,Exact legacy coordinate,SRC-0213,Legacy v0.16 timeline record,Do not frame as 'discovery' of inhabited Americas.
DC-0168,ENT-0168,Legacy timeline claim (HT-0168),1492,1492,1492,1700,1700,1700,from 1492; especially 16th–17th centuries,Historical / environmental chronology,Historical / environmental chronology,Exact legacy coordinate,SRC-0104,Legacy v0.16 timeline record,"Long process, not a single event."
DC-0169,ENT-0169,Legacy timeline claim (HT-0169),1521,1521,1521,1521,1521,1521,1521 CE,Historical chronology,Historical chronology,Exact legacy coordinate,SRC-0105,Legacy v0.16 timeline record,Explicitly include Indigenous allies; avoid two-sided simplification.
DC-0170,ENT-0170,Legacy timeline claim (HT-0170),1532,1532,1532,1533,1533,1533,1532–1533 CE,Historical chronology,Historical chronology,Exact legacy coordinate,SRC-0086,Legacy v0.16 timeline record,"End of central imperial control, not end of Inca peoples or resistance."
DC-0171,ENT-0171,Legacy timeline claim (HT-0171),1517,1517,1517,1648,1648,1648,from 1517; major confessional transformations through 17th century,Historical chronology,Historical chronology,Exact legacy coordinate,SRC-0106,Legacy v0.16 timeline record,"Multiple reformations, not a single-person event."
DC-0172,ENT-0172,Legacy timeline claim (HT-0172),1517,1517,1517,1517,1517,1517,1517 CE,Historical / textual chronology,Historical / textual chronology,Exact legacy coordinate,SRC-0106,Legacy v0.16 timeline record,Traditional posting narrative and printing/dissemination history can later be separated.
DC-0173,ENT-0173,Legacy timeline claim (HT-0173),1545,1545,1545,1563,1563,1563,1545–1563 CE,Historical chronology,Historical chronology,Exact legacy coordinate,,Legacy v0.16 timeline record,Use Catholic primary conciliar documents in later text-specific pass.
DC-0174,ENT-0174,Legacy timeline claim (HT-0174),1473,1473,1473,1543,1543,1543,1473–1543 CE,Historical chronology,Historical chronology,Exact legacy coordinate,SRC-0107,Legacy v0.16 timeline record,Person separate from publication event.
DC-0175,ENT-0175,Legacy timeline claim (HT-0175),1543,1543,1543,1543,1543,1543,1543 CE,Publication chronology,Publication chronology,Exact legacy coordinate,SRC-0107,Legacy v0.16 timeline record,Landmark scientific text.
DC-0176,ENT-0176,Legacy timeline claim (HT-0176),1564,1564,1564,1642,1642,1642,1564–1642 CE,Historical chronology,Historical chronology,Exact legacy coordinate,,Legacy v0.16 timeline record,Person record.
DC-0177,ENT-0177,Legacy timeline claim (HT-0177),1610,1610,1610,1610,1610,1610,1610 CE,Publication chronology,Publication chronology,Exact legacy coordinate,,Legacy v0.16 timeline record,Scientific synchronization anchor.
DC-0178,ENT-0178,Legacy timeline claim (HT-0178),1643,1643,1643,1727,1727,1727,1643–1727 CE,Historical chronology,Historical chronology,Exact legacy coordinate,SRC-0108,Legacy v0.16 timeline record,Gregorian/Old Style birth-date nuance can later be captured in DateClaims.
DC-0179,ENT-0179,Legacy timeline claim (HT-0179),1687,1687,1687,1687,1687,1687,1687 CE,Publication chronology,Publication chronology,Exact legacy coordinate,,Legacy v0.16 timeline record,Landmark scientific text.
DC-0180,ENT-0180,Legacy timeline claim (HT-0180),1454,1454,1454,1455,1455,1455,c. 1454–1455 CE,Historical / material chronology,Historical / material chronology,Exact legacy coordinate,SRC-0109,Legacy v0.16 timeline record,Movable type existed earlier in East Asia; do not call this invention of printing.
DC-0181,ENT-0181,Legacy timeline claim (HT-0181),1450,1450,1450,1600,1600,1600,late 15th–16th centuries,Historical / technological chronology,Historical / technological chronology,Exact legacy coordinate,,Legacy v0.16 timeline record,Synchronize explicitly with earlier Chinese/Korean print technologies later.
DC-0182,ENT-0182,Legacy timeline claim (HT-0182),1497,1497,1497,1499,1499,1499,1497–1499 CE,Historical chronology,Historical chronology,Exact legacy coordinate,SRC-0110,Legacy v0.16 timeline record,Do not imply Europeans created Indian Ocean trade.
DC-0183,ENT-0183,Legacy timeline claim (HT-0183),1519,1519,1519,1522,1522,1522,1519–1522 CE,Historical chronology,Historical chronology,Exact legacy coordinate,SRC-0110,Legacy v0.16 timeline record,Magellan died before completion; retain expedition-level credit accurately.
DC-0184,ENT-0184,Legacy timeline claim (HT-0184),1607,1607,1607,1607,1607,1607,1607 CE,Historical chronology,Historical chronology,Exact legacy coordinate,SRC-0214,Legacy v0.16 timeline record,Indigenous political geography is essential context.
DC-0185,ENT-0185,Legacy timeline claim (HT-0185),1607,1607,1607,1618,1618,1618,early 17th century,Historical / ethnohistorical chronology,Historical / ethnohistorical chronology,Exact legacy coordinate,SRC-0214,Legacy v0.16 timeline record,Do not treat region as politically empty before colonization.
DC-0186,ENT-0186,Legacy timeline claim (HT-0186),1620,1620,1620,1691,1691,1691,1620–1691 CE,Historical chronology,Historical chronology,Exact legacy coordinate,SRC-0112,Legacy v0.16 timeline record,Avoid Thanksgiving mythology as primary historical frame.
DC-0187,ENT-0187,Legacy timeline claim (HT-0187),1621,1621,1621,1675,1675,1675,1621–1675 broad alliance era,Historical chronology,Historical chronology,Exact legacy coordinate,SRC-0112,Legacy v0.16 timeline record,Relationship was strategic and changed over time.
DC-0188,ENT-0188,Legacy timeline claim (HT-0188),1756,1756,1756,1763,1763,1763,1756–1763 CE,Historical chronology,Historical chronology,Exact legacy coordinate,,Legacy v0.16 timeline record,Often called first truly global war; avoid making slogan the core claim.
DC-0189,ENT-0189,Legacy timeline claim (HT-0189),1775,1775,1775,1783,1783,1783,1775–1783 CE,Historical chronology,Historical chronology,Exact legacy coordinate,SRC-0113,Legacy v0.16 timeline record,"Include Indigenous, enslaved, Loyalist and international dimensions in later expansion."
DC-0190,ENT-0190,Legacy timeline claim (HT-0190),1776,1776,1776,1776,1776,1776,1776 CE,Historical / textual chronology,Historical / textual chronology,Exact legacy coordinate,SRC-0217,Legacy v0.16 timeline record,Landmark political text; ideals and actual rights/access should remain analytically distinct.
DC-0191,ENT-0191,Legacy timeline claim (HT-0191),1791,1791,1791,1804,1804,1804,1791–1804 CE,Historical chronology,Historical chronology,Exact legacy coordinate,,Legacy v0.16 timeline record,Bridges early modern to modern timeline; major global antislavery event.
DC-0192,ENT-0192,Legacy timeline claim (HT-0192),1804,1804,1804,1804,1804,1804,1804 CE,Historical chronology,Historical chronology,Exact legacy coordinate,,Legacy v0.16 timeline record,Major Atlantic-world synchronization anchor.
DC-0193,ENT-0193,Legacy timeline claim (HT-0193),1803,1803,1803,1815,1815,1815,1803–1815 CE,Historical chronology,Historical chronology,Exact legacy coordinate,,Legacy v0.16 timeline record,Global consequences extend beyond European battlefields.
DC-0194,ENT-0194,Legacy timeline claim (HT-0194),1808,1808,1808,1826,1826,1826,c. 1808–1826 CE,Historical chronology,Historical chronology,Exact legacy coordinate,SRC-0116,Legacy v0.16 timeline record,Regional process; individual revolutions and leaders later separate.
DC-0195,ENT-0195,Legacy timeline claim (HT-0195),1783,1783,1783,1830,1830,1830,1783–1830 CE,Historical chronology,Historical chronology,Exact legacy coordinate,,Legacy v0.16 timeline record,Person record.
DC-0196,ENT-0196,Legacy timeline claim (HT-0196),1760,1760,1760,1840,1840,1840,c. 1760–1840 CE,Historical / economic chronology,Historical / economic chronology,Exact legacy coordinate,,Legacy v0.16 timeline record,Periodization varies; later industrialization occurred globally.
DC-0197,ENT-0197,Legacy timeline claim (HT-0197),1765,1765,1765,1781,1781,1781,1765–1781 CE major development,Historical / technological chronology,Historical / technological chronology,Exact legacy coordinate,SRC-0117,Legacy v0.16 timeline record,Not invention of steam power; improvement milestone.
DC-0198,ENT-0198,Legacy timeline claim (HT-0198),1825,1825,1825,1830,1830,1830,1825–1830 CE,Historical / technological chronology,Historical / technological chronology,Exact legacy coordinate,,Legacy v0.16 timeline record,Global diffusion later receives regional records.
DC-0199,ENT-0199,Legacy timeline claim (HT-0199),1839,1839,1839,1860,1860,1860,1839–1860 CE,Historical chronology,Historical chronology,Exact legacy coordinate,SRC-0099,Legacy v0.16 timeline record,Combine as era for backbone; wars later separate if needed.
DC-0200,ENT-0200,Legacy timeline claim (HT-0200),1850,1850,1850,1864,1864,1864,1850–1864 CE,Historical chronology,Historical chronology,Exact legacy coordinate,,Legacy v0.16 timeline record,Major 19th-century event often underrepresented in Western timelines.
DC-0201,ENT-0201,Legacy timeline claim (HT-0201),1868,1868,1868,1868,1868,1868,1868 CE,Historical chronology,Historical chronology,Exact legacy coordinate,SRC-0118,Legacy v0.16 timeline record,Transformation extended over decades.
DC-0202,ENT-0202,Legacy timeline claim (HT-0202),1868,1868,1868,1912,1912,1912,1868–1912 CE,Historical chronology,Historical chronology,Exact legacy coordinate,SRC-0118,Legacy v0.16 timeline record,East Asian modern backbone.
DC-0203,ENT-0203,Legacy timeline claim (HT-0203),1858,1858,1858,1947,1947,1947,1858–1947 CE,Historical chronology,Historical chronology,Exact legacy coordinate,SRC-0119,Legacy v0.16 timeline record,Princely states and regions had varying political arrangements.
DC-0204,ENT-0204,Legacy timeline claim (HT-0204),1857,1857,1857,1858,1858,1858,1857–1858 CE,Historical chronology,Historical chronology,Exact legacy coordinate,,Legacy v0.16 timeline record,"Terminology varies: rebellion, uprising, mutiny, First War of Independence."
DC-0205,ENT-0205,Legacy timeline claim (HT-0205),1880,1880,1880,1914,1914,1914,c. 1880–1914 CE,Historical chronology,Historical chronology,Exact legacy coordinate,SRC-0120,Legacy v0.16 timeline record,Do not imply Africa was politically unorganized before colonization.
DC-0206,ENT-0206,Legacy timeline claim (HT-0206),1884,1884,1884,1885,1885,1885,1884–1885 CE,Historical chronology,Historical chronology,Exact legacy coordinate,,Legacy v0.16 timeline record,Conference did not literally draw every later border in one meeting.
DC-0207,ENT-0207,Legacy timeline claim (HT-0207),1816,1816,1816,1879,1879,1879,c. 1816–1879 CE,Historical chronology,Historical chronology,Exact legacy coordinate,SRC-0220,Legacy v0.16 timeline record,Post-1879 Zulu political history continued.
DC-0208,ENT-0208,Legacy timeline claim (HT-0208),1879,1879,1879,1879,1879,1879,1879 CE,Historical chronology,Historical chronology,Exact legacy coordinate,,Legacy v0.16 timeline record,Feature-level African/imperial synchronization anchor.
DC-0209,ENT-0209,Legacy timeline claim (HT-0209),1861,1861,1861,1865,1865,1865,1861–1865 CE,Historical chronology,Historical chronology,Exact legacy coordinate,SRC-0122,Legacy v0.16 timeline record,"Political, military and emancipation layers later expandable."
DC-0210,ENT-0210,Legacy timeline claim (HT-0210),1863,1863,1863,1863,1863,1863,1863 CE,Historical / legal chronology,Historical / legal chronology,Exact legacy coordinate,SRC-0227,Legacy v0.16 timeline record,Scope differed from later Thirteenth Amendment abolition.
DC-0211,ENT-0211,Legacy timeline claim (HT-0211),1859,1859,1859,1859,1859,1859,1859 CE,Publication chronology,Publication chronology,Exact legacy coordinate,,Legacy v0.16 timeline record,Scientific publication milestone.
DC-0212,ENT-0212,Legacy timeline claim (HT-0212),1876,1876,1876,1876,1876,1876,1876 CE,Historical / technological chronology,Historical / technological chronology,Exact legacy coordinate,,Legacy v0.16 timeline record,Avoid sole-inventor mythology; patent milestone.
DC-0213,ENT-0213,Legacy timeline claim (HT-0213),1879,1879,1879,1882,1882,1882,1879–1882 CE,Historical / technological chronology,Historical / technological chronology,Exact legacy coordinate,,Legacy v0.16 timeline record,Not claim that Edison alone invented electric light.
DC-0214,ENT-0214,Legacy timeline claim (HT-0214),1903,1903,1903,1903,1903,1903,1903 CE,Historical chronology,Historical chronology,Exact legacy coordinate,SRC-0124,Legacy v0.16 timeline record,Hard technology synchronization anchor.
DC-0215,ENT-0215,Legacy timeline claim (HT-0215),1914,1914,1914,1918,1918,1918,1914–1918 CE,Historical chronology,Historical chronology,Exact legacy coordinate,SRC-0125,Legacy v0.16 timeline record,Global framing essential.
DC-0216,ENT-0216,Legacy timeline claim (HT-0216),1915,1915,1915,1917,1917,1917,1915–1917 major phase,Historical chronology,Historical chronology,Exact legacy coordinate,SRC-0126,Legacy v0.16 timeline record,Major genocide record.
DC-0217,ENT-0217,Legacy timeline claim (HT-0217),1917,1917,1917,1917,1917,1917,1917 CE,Historical chronology,Historical chronology,Exact legacy coordinate,,Legacy v0.16 timeline record,Civil war follows separately.
DC-0218,ENT-0218,Legacy timeline claim (HT-0218),1922,1922,1922,1991,1991,1991,1922–1991 CE,Historical chronology,Historical chronology,Exact legacy coordinate,,Legacy v0.16 timeline record,State backbone.
DC-0219,ENT-0219,Legacy timeline claim (HT-0219),1918,1918,1918,1920,1920,1920,1918–1920 CE,Historical / epidemiological chronology,Historical / epidemiological chronology,Exact legacy coordinate,SRC-0234,Legacy v0.16 timeline record,Global health synchronization anchor.
DC-0220,ENT-0220,Legacy timeline claim (HT-0220),1923,1923,1923,1923,1923,1923,1923 CE,Historical chronology,Historical chronology,Exact legacy coordinate,,Legacy v0.16 timeline record,Transition record.
DC-0221,ENT-0221,Legacy timeline claim (HT-0221),1929,1929,1929,1939,1939,1939,c. 1929–1939 CE,Historical / economic chronology,Historical / economic chronology,Exact legacy coordinate,SRC-0128,Legacy v0.16 timeline record,"Global, not solely U.S., process."
DC-0222,ENT-0222,Legacy timeline claim (HT-0222),1939,1939,1939,1945,1945,1945,1939–1945 CE,Historical chronology,Historical chronology,Exact legacy coordinate,SRC-0236,Legacy v0.16 timeline record,Asia-Pacific war roots precede 1939; regional chronology can be expanded.
DC-0223,ENT-0223,Legacy timeline claim (HT-0223),1941,1941,1941,1945,1945,1945,1941–1945 systematic mass murder phase,Historical chronology,Historical chronology,Exact legacy coordinate,SRC-0235,Legacy v0.16 timeline record,Genocide record distinct from general WWII bar.
DC-0224,ENT-0224,Legacy timeline claim (HT-0224),1945,1945,1945,1945,1945,1945,August 1945,Historical chronology,Historical chronology,Exact legacy coordinate,,Legacy v0.16 timeline record,"Human, military and nuclear-age significance."
DC-0225,ENT-0225,Legacy timeline claim (HT-0225),1945,1945,1945,1945,1945,1945,1945 CE,Historical chronology,Historical chronology,Exact legacy coordinate,SRC-0237,Legacy v0.16 timeline record,Institutional backbone.
DC-0226,ENT-0226,Legacy timeline claim (HT-0226),1945,1945,1945,2026,2026,2026,from 1945 CE,Historical / technological chronology,Historical / technological chronology,Exact legacy coordinate,,Legacy v0.16 timeline record,Open-ended era to current database horizon.
DC-0227,ENT-0227,Legacy timeline claim (HT-0227),1947,1947,1947,1947,1947,1947,1947 CE,Historical chronology,Historical chronology,Exact legacy coordinate,,Legacy v0.16 timeline record,Independence and humanitarian catastrophe both need representation.
DC-0228,ENT-0228,Legacy timeline claim (HT-0228),1949,1949,1949,1949,1949,1949,1949 CE,Historical chronology,Historical chronology,Exact legacy coordinate,,Legacy v0.16 timeline record,State transition anchor.
DC-0229,ENT-0229,Legacy timeline claim (HT-0229),1950,1950,1950,1975,1975,1975,c. 1950–1975 CE,Historical chronology,Historical chronology,Exact legacy coordinate,SRC-0132,Legacy v0.16 timeline record,Regional process; individual independence movements later separate.
DC-0230,ENT-0230,Legacy timeline claim (HT-0230),1957,1957,1957,1957,1957,1957,1957 CE,Historical chronology,Historical chronology,Exact legacy coordinate,,Legacy v0.16 timeline record,Feature-level decolonization anchor.
DC-0231,ENT-0231,Legacy timeline claim (HT-0231),1947,1947,1947,1991,1991,1991,c. 1947–1991 CE,Historical chronology,Historical chronology,Exact legacy coordinate,SRC-0133,Legacy v0.16 timeline record,Do not reduce global politics to two superpowers; Non-Aligned world later expanded.
DC-0232,ENT-0232,Legacy timeline claim (HT-0232),1950,1950,1950,1953,1953,1953,1950–1953 CE,Historical chronology,Historical chronology,Exact legacy coordinate,,Legacy v0.16 timeline record,Cold War synchronization anchor.
DC-0233,ENT-0233,Legacy timeline claim (HT-0233),1954,1954,1954,1968,1968,1968,c. 1954–1968 CE,Historical chronology,Historical chronology,Exact legacy coordinate,SRC-0134,Legacy v0.16 timeline record,Long Black freedom struggle extends before and after these dates.
DC-0234,ENT-0234,Legacy timeline claim (HT-0234),1964,1964,1964,1964,1964,1964,1964 CE,Historical / legal chronology,Historical / legal chronology,Exact legacy coordinate,,Legacy v0.16 timeline record,Legal milestone.
DC-0235,ENT-0235,Legacy timeline claim (HT-0235),1957,1957,1957,1957,1957,1957,1957 CE,Historical / technological chronology,Historical / technological chronology,Exact legacy coordinate,,Legacy v0.16 timeline record,Hard technology synchronization anchor.
DC-0236,ENT-0236,Legacy timeline claim (HT-0236),1961,1961,1961,1961,1961,1961,1961 CE,Historical chronology,Historical chronology,Exact legacy coordinate,,Legacy v0.16 timeline record,Feature-level milestone.
DC-0237,ENT-0237,Legacy timeline claim (HT-0237),1969,1969,1969,1969,1969,1969,1969 CE,Historical chronology,Historical chronology,Exact legacy coordinate,SRC-0135,Legacy v0.16 timeline record,Hard synchronization anchor.
DC-0238,ENT-0238,Legacy timeline claim (HT-0238),1955,1955,1955,1975,1975,1975,1955–1975 CE,Historical chronology,Historical chronology,Exact legacy coordinate,,Legacy v0.16 timeline record,Earlier anti-colonial Indochina conflict should later be linked.
DC-0239,ENT-0239,Legacy timeline claim (HT-0239),1975,1975,1975,1995,1995,1995,c. 1975–1995 CE,Historical / technological chronology,Historical / technological chronology,Exact legacy coordinate,,Legacy v0.16 timeline record,"Process record, not one inventor/product."
DC-0240,ENT-0240,Legacy timeline claim (HT-0240),1989,1989,1989,1991,1991,1991,1989–1991 CE,Historical / technological chronology,Historical / technological chronology,Exact legacy coordinate,SRC-0136,Legacy v0.16 timeline record,Web distinct from Internet.
DC-0241,ENT-0241,Legacy timeline claim (HT-0241),1989,1989,1989,1989,1989,1989,1989 CE,Historical chronology,Historical chronology,Exact legacy coordinate,,Legacy v0.16 timeline record,Hard synchronization anchor.
DC-0242,ENT-0242,Legacy timeline claim (HT-0242),1991,1991,1991,1991,1991,1991,1991 CE,Historical chronology,Historical chronology,Exact legacy coordinate,,Legacy v0.16 timeline record,Cold War endpoint anchor.
DC-0243,ENT-0243,Legacy timeline claim (HT-0243),1990,1990,1990,1994,1994,1994,1990–1994 CE,Historical chronology,Historical chronology,Exact legacy coordinate,,Legacy v0.16 timeline record,Process rather than single-day event.
DC-0244,ENT-0244,Legacy timeline claim (HT-0244),1994,1994,1994,1994,1994,1994,1994 CE,Historical chronology,Historical chronology,Exact legacy coordinate,,Legacy v0.16 timeline record,Feature-level political transition.
DC-0245,ENT-0245,Legacy timeline claim (HT-0245),2001,2001,2001,2001,2001,2001,11 September 2001,Historical chronology,Historical chronology,Exact legacy coordinate,,Legacy v0.16 timeline record,Do not conflate perpetrators with broader religions/populations.
DC-0246,ENT-0246,Legacy timeline claim (HT-0246),2001,2001,2001,2021,2021,2021,2001–2021 CE,Historical chronology,Historical chronology,Exact legacy coordinate,,Legacy v0.16 timeline record,Multiple Afghan and international actors; simplify only at backbone level.
DC-0247,ENT-0247,Legacy timeline claim (HT-0247),1990,1990,1990,2003,2003,2003,1990–2003 CE,Historical / scientific chronology,Historical / scientific chronology,Exact legacy coordinate,SRC-0137,Legacy v0.16 timeline record,Reference genome history continues after 2003.
DC-0248,ENT-0248,Legacy timeline claim (HT-0248),2007,2007,2007,2009,2009,2009,2007–2009 CE,Historical / economic chronology,Historical / economic chronology,Exact legacy coordinate,,Legacy v0.16 timeline record,Global effects varied.
DC-0249,ENT-0249,Legacy timeline claim (HT-0249),2019,2019,2019,2023,2023,2023,2019–2023 WHO emergency phase,Historical / epidemiological chronology,Historical / epidemiological chronology,Exact legacy coordinate,SRC-0138,Legacy v0.16 timeline record,Disease circulation continues beyond emergency-phase endpoint.
DC-0250,ENT-0250,Legacy timeline claim (HT-0250),2022,2022,2022,2026,2026,2026,science operations from 2022,Historical / scientific chronology,Historical / scientific chronology,Exact legacy coordinate,SRC-0139,Legacy v0.16 timeline record,Open-ended to current database horizon.
DC-0251,ENT-0251,Legacy timeline claim (HT-0251),-300000,-300000,-300000,2026,2026,2026,"c. 300,000 years ago–present",Paleoanthropological chronology,Paleoanthropological chronology,Exact legacy coordinate,SRC-0140,Legacy v0.16 timeline record,"Species-level backbone, not every fossil specimen."
DC-0252,ENT-0252,Legacy timeline claim (HT-0252),-315000,-315000,-315000,-300000,-300000,-300000,"c. 315,000–300,000 years ago",Paleoanthropological chronology,Paleoanthropological chronology,Exact legacy coordinate,SRC-0140,Legacy v0.16 timeline record,Approximate range; specialist dating source later.
DC-0253,ENT-0253,Legacy timeline claim (HT-0253),-70000,-70000,-70000,-45000,-45000,-45000,"c. 70,000–45,000 years ago",Archaeological / genetic chronology,Archaeological / genetic chronology,Exact legacy coordinate,,Legacy v0.16 timeline record,Multiple dispersal episodes; not a single exodus event.
DC-0254,ENT-0254,Legacy timeline claim (HT-0254),-36000,-36000,-36000,-30000,-30000,-30000,"c. 36,000–30,000 years ago",Archaeological chronology,Archaeological chronology,Exact legacy coordinate,SRC-0141,Legacy v0.16 timeline record,Landmark site; do not catalog every image.
DC-0255,ENT-0255,Legacy timeline claim (HT-0255),-26500,-26500,-26500,-19000,-19000,-19000,"c. 26,500–19,000 years ago",Paleoclimate chronology,Paleoclimate chronology,Exact legacy coordinate,,Legacy v0.16 timeline record,Broad climate synchronization layer.
DC-0256,ENT-0256,Legacy timeline claim (HT-0256),-9600,-9600,-9600,-8200,-8200,-8200,9600–8200 BCE,Archaeological chronology,Archaeological chronology,Exact legacy coordinate,SRC-0142,Legacy v0.16 timeline record,Major Neolithic synchronization anchor.
DC-0257,ENT-0257,Legacy timeline claim (HT-0257),-9600,-9600,-9600,-7000,-7000,-7000,early settlement from c. 9600 BCE; major Pre-Pottery Neolithic occupation,Archaeological chronology,Archaeological chronology,Exact legacy coordinate,SRC-0143,Legacy v0.16 timeline record,Individual occupation phases later separable.
DC-0258,ENT-0258,Legacy timeline claim (HT-0258),-7400,-7400,-7400,-6200,-6200,-6200,c. 7400–6200 BCE,Archaeological chronology,Archaeological chronology,Exact legacy coordinate,SRC-0144,Legacy v0.16 timeline record,Urban terminology should remain cautious.
DC-0259,ENT-0259,Legacy timeline claim (HT-0259),-10000,-10000,-10000,-7000,-7000,-7000,"c. 10,000–7000 BCE",Archaeological chronology,Archaeological chronology,Exact legacy coordinate,,Legacy v0.16 timeline record,Process record.
DC-0260,ENT-0260,Legacy timeline claim (HT-0260),-13000,-13000,-13000,-400,-400,-400,"c. 13,000–400 BCE broad chronology",Archaeological chronology,Archaeological chronology,Exact legacy coordinate,SRC-0145,Legacy v0.16 timeline record,Regional phases vary.
DC-0261,ENT-0261,Legacy timeline claim (HT-0261),-7000,-7000,-7000,-2600,-2600,-2600,c. 7000–2600 BCE,Archaeological chronology,Archaeological chronology,Exact legacy coordinate,,Legacy v0.16 timeline record,Chronology broad; specialist archaeology later.
DC-0262,ENT-0262,Legacy timeline claim (HT-0262),-4000,-4000,-4000,-3100,-3100,-3100,c. 4000–3100 BCE,Archaeological chronology,Archaeological chronology,Exact legacy coordinate,SRC-0146,Legacy v0.16 timeline record,Core urbanization backbone.
DC-0263,ENT-0263,Legacy timeline claim (HT-0263),-4000,-4000,-4000,-3000,-3000,-3000,major growth 4th millennium BCE,Archaeological chronology,Archaeological chronology,Exact legacy coordinate,SRC-0146,Legacy v0.16 timeline record,City lifespan extends beyond display range.
DC-0264,ENT-0264,Legacy timeline claim (HT-0264),-3400,-3400,-3400,-3000,-3000,-3000,late 4th millennium BCE,Archaeological / textual chronology,Archaeological / textual chronology,Exact legacy coordinate,SRC-0147,Legacy v0.16 timeline record,Writing emergence is gradual; do not assign one invention day.
DC-0265,ENT-0265,Legacy timeline claim (HT-0265),-3200,-3200,-3200,100,100,100,c. 3200 BCE–1st century CE,Textual / archaeological chronology,Textual / archaeological chronology,Exact legacy coordinate,SRC-0147,Legacy v0.16 timeline record,Long-duration writing-system backbone.
DC-0266,ENT-0266,Legacy timeline claim (HT-0266),-2900,-2900,-2900,-2334,-2334,-2334,c. 2900–2334 BCE,Historical / archaeological chronology,Historical / archaeological chronology,Exact legacy coordinate,,Legacy v0.16 timeline record,Period dates approximate.
DC-0267,ENT-0267,Legacy timeline claim (HT-0267),-2600,-2600,-2600,-2400,-2400,-2400,c. 2600–2400 BCE,Archaeological chronology,Archaeological chronology,Exact legacy coordinate,,Legacy v0.16 timeline record,Artifact complexes later linked selectively.
DC-0268,ENT-0268,Legacy timeline claim (HT-0268),-2334,-2334,-2334,-2154,-2154,-2154,c. 2334–2154 BCE,Historical chronology,Historical chronology,Exact legacy coordinate,SRC-0148,Legacy v0.16 timeline record,Chronology varies by system.
DC-0269,ENT-0269,Legacy timeline claim (HT-0269),-2334,-2334,-2334,-2279,-2279,-2279,traditional/reconstructed reign c. 2334–2279 BCE,Historical / reconstructed chronology,Historical / reconstructed chronology,Exact legacy coordinate,SRC-0148,Legacy v0.16 timeline record,Exact reign dates depend on Mesopotamian chronology model.
DC-0270,ENT-0270,Legacy timeline claim (HT-0270),-2112,-2112,-2112,-2004,-2004,-2004,c. 2112–2004 BCE,Historical chronology,Historical chronology,Exact legacy coordinate,SRC-0149,Legacy v0.16 timeline record,Chronology model dependent.
DC-0271,ENT-0271,Legacy timeline claim (HT-0271),-2100,-2100,-2100,-2050,-2050,-2050,c. 21st century BCE,Historical / archaeological chronology,Historical / archaeological chronology,Exact legacy coordinate,,Legacy v0.16 timeline record,Feature-level architecture anchor.
DC-0272,ENT-0272,Legacy timeline claim (HT-0272),-2000,-2000,-2000,-1595,-1595,-1595,c. 2000–1595 BCE,Historical chronology,Historical chronology,Exact legacy coordinate,,Legacy v0.16 timeline record,Chronology varies.
DC-0273,ENT-0273,Legacy timeline claim (HT-0273),-1792,-1792,-1792,-1750,-1750,-1750,r. c. 1792–1750 BCE middle chronology,Historical / chronology-model dependent,Historical / chronology-model dependent,Exact legacy coordinate,SRC-0150,Legacy v0.16 timeline record,Dates are Middle Chronology; competing chronologies must later be DateClaims.
DC-0274,ENT-0274,Legacy timeline claim (HT-0274),-1755,-1755,-1755,-1750,-1750,-1750,c. late reign of Hammurabi,Historical / inscription chronology,Historical / inscription chronology,Exact legacy coordinate,SRC-0150,Legacy v0.16 timeline record,Not the earliest law code.
DC-0275,ENT-0275,Legacy timeline claim (HT-0275),-1550,-1550,-1550,-1070,-1070,-1070,c. 1550–1070 BCE,Historical chronology,Historical chronology,Exact legacy coordinate,SRC-0151,Legacy v0.16 timeline record,Major Egyptian backbone.
DC-0276,ENT-0276,Legacy timeline claim (HT-0276),-1479,-1479,-1479,-1458,-1458,-1458,r. c. 1479–1458 BCE,Historical chronology,Historical chronology,Exact legacy coordinate,SRC-0152,Legacy v0.16 timeline record,Reign record.
DC-0277,ENT-0277,Legacy timeline claim (HT-0277),-1353,-1353,-1353,-1336,-1336,-1336,r. c. 1353–1336 BCE,Historical chronology,Historical chronology,Exact legacy coordinate,,Legacy v0.16 timeline record,URL may require later correction; chronology retained from Met standard periodization.
DC-0278,ENT-0278,Legacy timeline claim (HT-0278),-1332,-1332,-1332,-1323,-1323,-1323,r. c. 1332–1323 BCE,Historical chronology,Historical chronology,Exact legacy coordinate,,Legacy v0.16 timeline record,Reign dates approximate.
DC-0279,ENT-0279,Legacy timeline claim (HT-0279),-1279,-1279,-1279,-1213,-1213,-1213,r. 1279–1213 BCE,Historical chronology,Historical chronology,Exact legacy coordinate,SRC-0151,Legacy v0.16 timeline record,Major Late Bronze Age synchronization figure.
DC-0280,ENT-0280,Legacy timeline claim (HT-0280),-1274,-1274,-1274,-1274,-1274,-1274,c. 1274 BCE,Historical chronology,Historical chronology,Exact legacy coordinate,,Legacy v0.16 timeline record,Outcome represented differently in royal propaganda.
DC-0281,ENT-0281,Legacy timeline claim (HT-0281),-1650,-1650,-1650,-1180,-1180,-1180,c. 1650–1180 BCE,Historical chronology,Historical chronology,Exact legacy coordinate,SRC-0153,Legacy v0.16 timeline record,Chronology broad.
DC-0282,ENT-0282,Legacy timeline claim (HT-0282),-3000,-3000,-3000,-1450,-1450,-1450,c. 3000–1450 BCE broad florescence,Archaeological chronology,Archaeological chronology,Exact legacy coordinate,,Legacy v0.16 timeline record,Source refinement needed; broad backbone.
DC-0283,ENT-0283,Legacy timeline claim (HT-0283),-1600,-1600,-1600,-1100,-1100,-1100,c. 1600–1100 BCE,Archaeological chronology,Archaeological chronology,Exact legacy coordinate,SRC-0154,Legacy v0.16 timeline record,Connect separately to later Homeric traditions.
DC-0284,ENT-0284,Legacy timeline claim (HT-0284),-1450,-1450,-1450,-1200,-1200,-1200,c. 1450–1200 BCE,Archaeological / textual chronology,Archaeological / textual chronology,Exact legacy coordinate,,Legacy v0.16 timeline record,Physical tablet corpora later selective.
DC-0285,ENT-0285,Legacy timeline claim (HT-0285),-1600,-1600,-1600,-1046,-1046,-1046,c. 1600–1046 BCE,Historical / archaeological chronology,Historical / archaeological chronology,Exact legacy coordinate,SRC-0155,Legacy v0.16 timeline record,Early chronology approximate.
DC-0286,ENT-0286,Legacy timeline claim (HT-0286),-1250,-1250,-1250,-1046,-1046,-1046,c. 1250–1046 BCE,Archaeological / textual chronology,Archaeological / textual chronology,Exact legacy coordinate,SRC-0155,Legacy v0.16 timeline record,Corpus-level record.
DC-0287,ENT-0287,Legacy timeline claim (HT-0287),-2600,-2600,-2600,-1900,-1900,-1900,c. 2600–1900 BCE,Archaeological chronology,Archaeological chronology,Exact legacy coordinate,,Legacy v0.16 timeline record,Do not assert decipherment or language.
DC-0288,ENT-0288,Legacy timeline claim (HT-0288),-2600,-2600,-2600,-1900,-1900,-1900,c. 2600–1900 BCE major urban phase,Archaeological chronology,Archaeological chronology,Exact legacy coordinate,SRC-0156,Legacy v0.16 timeline record,City-level feature.
DC-0289,ENT-0289,Legacy timeline claim (HT-0289),-1200,-1200,-1200,-1150,-1150,-1150,c. 1200–1150 BCE,Archaeological / historical chronology,Archaeological / historical chronology,Exact legacy coordinate,,Legacy v0.16 timeline record,Causes remain debated; avoid single-cause explanation.
DC-0290,ENT-0290,Legacy timeline claim (HT-0290),-1208,-1208,-1208,-1175,-1175,-1175,c. 1208–1175 BCE,Historical / inscription chronology,Historical / inscription chronology,Exact legacy coordinate,SRC-0151,Legacy v0.16 timeline record,Modern umbrella label; identities and movements disputed.
DC-0291,ENT-0291,Legacy timeline claim (HT-0291),-1250,-1250,-1250,-1184,-1184,-1184,traditional placements often 13th–12th century BCE; Eratosthenes 1184 BCE,Traditional / ancient chronological claim,Traditional / ancient chronological claim,Exact legacy coordinate,,Legacy v0.16 timeline record,Traditional claim distinct from archaeology at Hisarlık.
DC-0292,ENT-0292,Legacy timeline claim (HT-0292),,,,,,,traditional Trojan War generation,Traditional / literary chronology,Traditional / literary chronology,Textual/range claim; normalized numeric placement pending,,Legacy v0.16 timeline record,No fabricated birth/death years.
DC-0293,ENT-0293,Legacy timeline claim (HT-0293),,,,,,,traditional Trojan War generation,Traditional / literary chronology,Traditional / literary chronology,Textual/range claim; normalized numeric placement pending,,Legacy v0.16 timeline record,Figure separate from composition of Odyssey.
DC-0294,ENT-0294,Legacy timeline claim (HT-0294),-750,-750,-750,-650,-650,-650,c. 8th–7th centuries BCE,Literary / scholarly chronology,Literary / scholarly chronology,Exact legacy coordinate,,Legacy v0.16 timeline record,Person 'Homer' and textual formation should remain analytically distinct.
DC-0295,ENT-0295,Legacy timeline claim (HT-0295),-9600,-9600,-9600,-9600,-9600,-9600,"roughly 9,000 years before Solon's era, conventionally rendered c. 9600 BCE",Literary / claimed chronology,Literary / claimed chronology,Exact legacy coordinate,SRC-0157,Legacy v0.16 timeline record,Explicitly separate claim date from composition date and existence question.
DC-0296,ENT-0296,Legacy timeline claim (HT-0296),-360,-360,-360,-350,-350,-350,c. 360s BCE,Textual chronology,Textual chronology,Exact legacy coordinate,,Legacy v0.16 timeline record,Text composition distinct from narrative event date.
DC-0297,ENT-0297,Legacy timeline claim (HT-0297),,,,,,,traditional chronologies commonly place Abraham in early 2nd millennium BCE,Traditional / scriptural chronology,Traditional / scriptural chronology,Textual/range claim; normalized numeric placement pending,SRC-0158,Legacy v0.16 timeline record,Do not assign a single lifespan until chronology systems are modeled separately.
DC-0298,ENT-0298,Legacy timeline claim (HT-0298),,,,,,,traditional systems often place Exodus/Moses in 15th or 13th century BCE,Traditional / scriptural chronology,Traditional / scriptural chronology,Textual/range claim; normalized numeric placement pending,SRC-0159,Legacy v0.16 timeline record,Separate traditional chronology from historical/archaeological debates.
DC-0299,ENT-0299,Legacy timeline claim (HT-0299),-1010,-1010,-1010,-970,-970,-970,traditional reign c. 1010–970 BCE,Traditional / historical chronology,Traditional / historical chronology,Exact legacy coordinate,,Legacy v0.16 timeline record,DateClaims later separate biblical regnal reconstruction and archaeological evidence.
DC-0300,ENT-0300,Legacy timeline claim (HT-0300),-970,-970,-970,-931,-931,-931,traditional reign c. 970–931 BCE,Traditional / scriptural chronology,Traditional / scriptural chronology,Exact legacy coordinate,,Legacy v0.16 timeline record,Historical scope and chronology debated; preserve tradition separately.
DC-0301,ENT-0301,Legacy timeline claim (HT-0301),-930,-930,-930,-722,-722,-722,c. 930–722 BCE,Historical / biblical chronology,Historical / biblical chronology,Exact legacy coordinate,SRC-0160,Legacy v0.16 timeline record,Regnal details require separate synchronized king list.
DC-0302,ENT-0302,Legacy timeline claim (HT-0302),-930,-930,-930,-586,-586,-586,c. 930–586 BCE,Historical / biblical chronology,Historical / biblical chronology,Exact legacy coordinate,SRC-0160,Legacy v0.16 timeline record,Early united-monarchy chronology remains separately classified.
DC-0303,ENT-0303,Legacy timeline claim (HT-0303),-722,-722,-722,-722,-722,-722,722/721 BCE,Historical chronology,Historical chronology,Exact legacy coordinate,SRC-0160,Legacy v0.16 timeline record,Hard Levant/Mesopotamia synchronization anchor.
DC-0304,ENT-0304,Legacy timeline claim (HT-0304),-586,-586,-586,-586,-586,-586,586 BCE conventional chronology,Historical / biblical chronology,Historical / biblical chronology,Exact legacy coordinate,,Legacy v0.16 timeline record,Some chronologies use 587 BCE; DateClaims should preserve both.
DC-0305,ENT-0305,Legacy timeline claim (HT-0305),-586,-586,-586,-539,-539,-539,c. 586–539 BCE,Historical / biblical chronology,Historical / biblical chronology,Exact legacy coordinate,,Legacy v0.16 timeline record,Not all Judeans were deported.
DC-0306,ENT-0306,Legacy timeline claim (HT-0306),-559,-559,-559,-330,-330,-330,c. 559–330 BCE,Historical chronology,Historical chronology,Exact legacy coordinate,SRC-0161,Legacy v0.16 timeline record,Major transregional backbone.
DC-0307,ENT-0307,Legacy timeline claim (HT-0307),-559,-559,-559,-530,-530,-530,r. c. 559–530 BCE,Historical chronology,Historical chronology,Exact legacy coordinate,SRC-0162,Legacy v0.16 timeline record,Biblical traditions also portray Cyrus as permitting Judean return.
DC-0308,ENT-0004,Legacy timeline claim (HT-0308),-539,-539,-539,-538,-538,-538,539–538 BCE,Historical / inscription chronology,Historical / inscription chronology,Exact legacy coordinate,SRC-0162,Legacy v0.16 timeline record,Do not simplistically label it the first human-rights charter.
DC-0309,ENT-0074,Legacy timeline claim (HT-0309),-516,-516,-516,70,70,70,c. 516 BCE–70 CE,Historical / religious chronology,Historical / religious chronology,Exact legacy coordinate,,Legacy v0.16 timeline record,Broad period; subperiods represented separately.
DC-0310,ENT-0308,Legacy timeline claim (HT-0310),-516,-516,-516,-516,-516,-516,516/515 BCE conventional chronology,Historical / biblical chronology,Historical / biblical chronology,Exact legacy coordinate,,Legacy v0.16 timeline record,Traditional dating varies slightly.
DC-0311,ENT-0052,Legacy timeline claim (HT-0311),-551,-551,-551,-479,-479,-479,551–479 BCE,Historical / traditional chronology,Historical / traditional chronology,Exact legacy coordinate,SRC-0163,Legacy v0.16 timeline record,Separate historical figure from later textual compilation.
DC-0312,ENT-0309,Legacy timeline claim (HT-0312),-475,-475,-475,-221,-221,-221,Warring States-era compilation with later transmission,Textual chronology,Textual chronology,Exact legacy coordinate,,Legacy v0.16 timeline record,Do not date entire text to Confucius's lifetime.
DC-0313,ENT-0310,Legacy timeline claim (HT-0313),,,,,,,traditionally placed around 6th century BCE; historicity and dating disputed,Traditional / literary chronology,Traditional / literary chronology,Textual/range claim; normalized numeric placement pending,SRC-0163,Legacy v0.16 timeline record,No fabricated lifespan.
DC-0314,ENT-0311,Legacy timeline claim (HT-0314),-400,-400,-400,-200,-200,-200,c. 400–200 BCE broad scholarly range,Textual chronology,Textual chronology,Exact legacy coordinate,SRC-0163,Legacy v0.16 timeline record,Figure and text explicitly separate.
DC-0315,ENT-0056,Legacy timeline claim (HT-0315),-563,-563,-563,-483,-483,-483,traditional chronology c. 563–483 BCE; scholarly chronologies vary,Traditional / historical chronology,Traditional / historical chronology,Exact legacy coordinate,SRC-0164,Legacy v0.16 timeline record,Later DateClaims should carry traditional and revised scholarly chronologies separately.
DC-0316,ENT-0313,Legacy timeline claim (HT-0316),-500,-500,-500,-250,-250,-250,from c. 5th century BCE,Historical / religious chronology,Historical / religious chronology,Exact legacy coordinate,SRC-0164,Legacy v0.16 timeline record,Do not equate later canons directly with earliest oral teachings.
DC-0317,ENT-0058,Legacy timeline claim (HT-0317),-599,-599,-599,-527,-527,-527,traditional Jain chronology 599–527 BCE; alternative scholarly dates exist,Traditional / historical chronology,Traditional / historical chronology,Exact legacy coordinate,SRC-0164,Legacy v0.16 timeline record,Competing chronologies later separate.
DC-0318,ENT-0314,Legacy timeline claim (HT-0318),-800,-800,-800,-400,-400,-400,c. 8th–4th centuries BCE,Historical chronology,Historical chronology,Exact legacy coordinate,SRC-0164,Legacy v0.16 timeline record,Strong political context for Buddha and Mahavira.
DC-0319,ENT-0061,Legacy timeline claim (HT-0319),-273,-273,-273,-232,-232,-232,r. c. 273–232 BCE,Historical chronology,Historical chronology,Exact legacy coordinate,SRC-0164,Legacy v0.16 timeline record,Reign dates approximate.
DC-0320,ENT-0315,Legacy timeline claim (HT-0320),-260,-260,-260,-232,-232,-232,3rd century BCE,Historical / inscription chronology,Historical / inscription chronology,Exact legacy coordinate,SRC-0164,Legacy v0.16 timeline record,Corpus-level record; individual inscriptions later selective.
DC-0321,ENT-0316,Legacy timeline claim (HT-0321),-470,-470,-470,-399,-399,-399,c. 470–399 BCE,Historical chronology,Historical chronology,Exact legacy coordinate,,Legacy v0.16 timeline record,No surviving writings by Socrates.
DC-0322,ENT-0045,Legacy timeline claim (HT-0322),-428,-428,-428,-348,-348,-348,c. 428/427–348/347 BCE,Historical chronology,Historical chronology,Exact legacy coordinate,,Legacy v0.16 timeline record,Existing Atlantis text record links here.
DC-0323,ENT-0317,Legacy timeline claim (HT-0323),-384,-384,-384,-322,-322,-322,384–322 BCE,Historical chronology,Historical chronology,Exact legacy coordinate,,Legacy v0.16 timeline record,Teacher of Alexander.
DC-0324,ENT-0318,Legacy timeline claim (HT-0324),-356,-356,-356,-323,-323,-323,356–323 BCE,Historical chronology,Historical chronology,Exact legacy coordinate,,Legacy v0.16 timeline record,Major cross-regional synchronization figure.
DC-0325,ENT-0319,Legacy timeline claim (HT-0325),-323,-323,-323,-31,-31,-31,323–31 BCE,Historical chronology,Historical chronology,Exact legacy coordinate,SRC-0168,Legacy v0.16 timeline record,Regional endpoints vary.
DC-0326,ENT-0320,Legacy timeline claim (HT-0326),-509,-509,-509,-27,-27,-27,traditional 509–27 BCE,Historical / traditional chronology,Historical / traditional chronology,Exact legacy coordinate,SRC-0169,Legacy v0.16 timeline record,Traditional founding chronology.
DC-0327,ENT-0321,Legacy timeline claim (HT-0327),-100,-100,-100,-44,-44,-44,100–44 BCE,Historical chronology,Historical chronology,Exact legacy coordinate,,Legacy v0.16 timeline record,Person record.
DC-0328,ENT-0071,Legacy timeline claim (HT-0328),-63,-63,-63,14,14,14,63 BCE–14 CE; emperor from 27 BCE,Historical chronology,Historical chronology,Exact legacy coordinate,SRC-0170,Legacy v0.16 timeline record,Lifespan plus imperial transition.
DC-0329,ENT-0322,Legacy timeline claim (HT-0329),-27,-27,-27,476,476,476,27 BCE–476 CE western imperial convention,Historical chronology,Historical chronology,Exact legacy coordinate,,Legacy v0.16 timeline record,"476 applies to western imperial office, not eastern Roman state."
DC-0330,ENT-0323,Legacy timeline claim (HT-0330),-69,-69,-69,-30,-30,-30,69–30 BCE,Historical chronology,Historical chronology,Exact legacy coordinate,,Legacy v0.16 timeline record,High-value overlap figure.
DC-0331,ENT-0324,Legacy timeline claim (HT-0331),-140,-140,-140,-37,-37,-37,c. 140–37 BCE,Historical chronology,Historical chronology,Exact legacy coordinate,,Legacy v0.16 timeline record,Maccabean revolt begins earlier.
DC-0332,ENT-0325,Legacy timeline claim (HT-0332),-37,-37,-37,-4,-4,-4,r. 37–4 BCE,Historical chronology,Historical chronology,Exact legacy coordinate,,Legacy v0.16 timeline record,"Reign record, not lifespan."
DC-0333,ENT-0326,Legacy timeline claim (HT-0333),-300,-300,-300,68,68,68,c. 3rd century BCE–68 CE,Manuscript / paleographic-radiocarbon chronology,Manuscript / paleographic-radiocarbon chronology,Exact legacy coordinate,SRC-0166,Legacy v0.16 timeline record,Corpus record; individual works/manuscripts remain separate.
DC-0334,ENT-0327,Legacy timeline claim (HT-0334),-300,-300,-300,-50,-50,-50,major components composed c. 3rd–1st centuries BCE,Textual chronology,Textual chronology,Exact legacy coordinate,SRC-0166,Legacy v0.16 timeline record,Figure Enoch must remain separate from literary composition and physical copies.
DC-0335,ENT-0328,Legacy timeline claim (HT-0335),-125,-125,-125,-100,-100,-100,c. 125–100 BCE,Manuscript chronology,Manuscript chronology,Exact legacy coordinate,SRC-0167,Legacy v0.16 timeline record,"Physical manuscript, not date of Isaiah's composition."
DC-0336,ENT-0329,Legacy timeline claim (HT-0336),-100,-100,-100,-50,-50,-50,major copies c. late 2nd–1st century BCE,Textual / manuscript chronology,Textual / manuscript chronology,Exact legacy coordinate,SRC-0166,Legacy v0.16 timeline record,Qumran-Essene identification should remain qualified.
DC-0337,ENT-0034,Legacy timeline claim (HT-0337),,,,,,,antediluvian generation in Genesis tradition,Traditional / scriptural chronology,Traditional / scriptural chronology,Textual/range claim; normalized numeric placement pending,,Legacy v0.16 timeline record,No manuscript-era lifespan substitution.
DC-0338,ENT-0073,Legacy timeline claim (HT-0338),-6,-6,-6,30,30,30,c. 6–4 BCE to c. 30–33 CE,Historical / religious chronology,Historical / religious chronology,Exact legacy coordinate,,Legacy v0.16 timeline record,Use date range/claims rather than false precision.
DC-0339,ENT-0332,Legacy timeline claim (HT-0339),30,30,30,100,100,100,1st century CE,Historical / religious chronology,Historical / religious chronology,Exact legacy coordinate,SRC-0171,Legacy v0.16 timeline record,Later doctrinal diversity needs separate records.
DC-0340,ENT-0333,Legacy timeline claim (HT-0340),5,5,5,64,64,64,c. 5–64/67 CE,Historical / religious chronology,Historical / religious chronology,Exact legacy coordinate,,Legacy v0.16 timeline record,Authentic vs disputed Pauline letters later separate.
DC-0341,ENT-0075,Legacy timeline claim (HT-0341),70,70,70,70,70,70,70 CE,Historical chronology,Historical chronology,Exact legacy coordinate,,Legacy v0.16 timeline record,Major Jewish/Roman synchronization anchor.
DC-0342,ENT-0067,Legacy timeline claim (HT-0342),-259,-259,-259,-210,-210,-210,259–210 BCE; First Emperor from 221 BCE,Historical chronology,Historical chronology,Exact legacy coordinate,SRC-0163,Legacy v0.16 timeline record,Met page contains a date typo in one rendered bullet; use established Qin 221–206 BCE chronology.
DC-0343,ENT-0068,Legacy timeline claim (HT-0343),-246,-246,-246,-208,-208,-208,late 3rd century BCE,Archaeological chronology,Archaeological chronology,Exact legacy coordinate,SRC-0172,Legacy v0.16 timeline record,Artifact complex rather than individual statue records.
DC-0344,ENT-0337,Legacy timeline claim (HT-0344),-141,-141,-141,-87,-87,-87,r. 141–87 BCE,Historical chronology,Historical chronology,Exact legacy coordinate,SRC-0165,Legacy v0.16 timeline record,Reign uses BCE convention.
DC-0345,ENT-0069,Legacy timeline claim (HT-0345),-145,-145,-145,-86,-86,-86,c. 145–86 BCE,Historical chronology,Historical chronology,Exact legacy coordinate,SRC-0165,Legacy v0.16 timeline record,Death date approximate.
DC-0346,ENT-0070,Legacy timeline claim (HT-0346),-109,-109,-109,-91,-91,-91,compiled late 2nd–early 1st century BCE,Textual chronology,Textual chronology,Exact legacy coordinate,SRC-0165,Legacy v0.16 timeline record,Textual composition range approximate.
DC-0347,ENT-0338,Legacy timeline claim (HT-0347),-300,-300,-300,350,350,350,c. 3rd century BCE–4th century CE,Historical / archaeological chronology,Historical / archaeological chronology,Exact legacy coordinate,SRC-0173,Legacy v0.16 timeline record,Complements earlier Kush records; later reconcile duplicates.
DC-0348,ENT-0339,Legacy timeline claim (HT-0348),-1200,-1200,-1200,-400,-400,-400,c. 1200–400 BCE,Archaeological chronology,Archaeological chronology,Exact legacy coordinate,,Legacy v0.16 timeline record,May overlap existing Olmec backbone; later normalize duplicates.
DC-0349,ENT-0340,Legacy timeline claim (HT-0349),-900,-900,-900,-200,-200,-200,c. 900–200 BCE,Archaeological chronology,Archaeological chronology,Exact legacy coordinate,SRC-0174,Legacy v0.16 timeline record,Feature record; reconcile with existing Chavín culture bar.
DC-0350,ENT-0341,Legacy timeline claim (HT-0350),-1000,-1000,-1000,-200,-200,-200,c. 1000–200 BCE,Archaeological chronology,Archaeological chronology,Exact legacy coordinate,SRC-0189,Legacy v0.16 timeline record,Existing Adena record may overlap; retain pending deduplication.
DC-0351,ENT-0342,Legacy timeline claim (HT-0351),224,224,224,651,651,651,224–651 CE,Historical chronology,Historical chronology,Exact legacy coordinate,SRC-0175,Legacy v0.16 timeline record,Core late-antique West Asian backbone.
DC-0352,ENT-0343,Legacy timeline claim (HT-0352),531,531,531,579,579,579,r. 531–579 CE,Historical chronology,Historical chronology,Exact legacy coordinate,SRC-0175,Legacy v0.16 timeline record,Reign record.
DC-0353,ENT-0115,Legacy timeline claim (HT-0353),527,527,527,565,565,565,r. 527–565 CE,Historical chronology,Historical chronology,Exact legacy coordinate,SRC-0179,Legacy v0.16 timeline record,High-value Sasanian/Byzantine contemporary.
DC-0354,ENT-0344,Legacy timeline claim (HT-0354),532,532,532,537,537,537,532–537 CE,Historical / architectural chronology,Historical / architectural chronology,Exact legacy coordinate,,Legacy v0.16 timeline record,Building's later mosque/museum/mosque phases require separate reception records.
DC-0355,ENT-0345,Legacy timeline claim (HT-0355),602,602,602,628,628,628,602–628 CE,Historical chronology,Historical chronology,Exact legacy coordinate,SRC-0176,Legacy v0.16 timeline record,Major transition context.
DC-0356,ENT-0117,Legacy timeline claim (HT-0356),570,570,570,632,632,632,c. 570–632 CE,Historical / religious chronology,Historical / religious chronology,Exact legacy coordinate,SRC-0178,Legacy v0.16 timeline record,Traditional biographical dates; detailed sira chronology later.
DC-0357,ENT-0346,Legacy timeline claim (HT-0357),622,622,622,622,622,622,622 CE,Historical / religious chronology,Historical / religious chronology,Exact legacy coordinate,SRC-0178,Legacy v0.16 timeline record,Hard synchronization anchor.
DC-0358,ENT-0347,Legacy timeline claim (HT-0358),632,632,632,661,661,661,632–661 CE,Historical chronology,Historical chronology,Exact legacy coordinate,SRC-0176,Legacy v0.16 timeline record,Regional conquest chronologies vary.
DC-0359,ENT-0348,Legacy timeline claim (HT-0359),661,661,661,750,750,750,661–750 CE,Historical chronology,Historical chronology,Exact legacy coordinate,SRC-0176,Legacy v0.16 timeline record,Major transcontinental backbone.
DC-0360,ENT-0349,Legacy timeline claim (HT-0360),691,691,691,692,692,692,691–692 CE,Historical / architectural chronology,Historical / architectural chronology,Exact legacy coordinate,SRC-0176,Legacy v0.16 timeline record,Inscriptional program later separate.
DC-0361,ENT-0350,Legacy timeline claim (HT-0361),750,750,750,1258,1258,1258,750–1258 CE,Historical chronology,Historical chronology,Exact legacy coordinate,SRC-0177,Legacy v0.16 timeline record,Political authority fragmented long before 1258.
DC-0362,ENT-0351,Legacy timeline claim (HT-0362),762,762,762,762,762,762,762 CE,Historical chronology,Historical chronology,Exact legacy coordinate,SRC-0177,Legacy v0.16 timeline record,Major urban/intellectual anchor.
DC-0363,ENT-0352,Legacy timeline claim (HT-0363),813,813,813,833,833,833,r. 813–833 CE,Historical chronology,Historical chronology,Exact legacy coordinate,SRC-0177,Legacy v0.16 timeline record,Avoid reducing broader translation movement to one institution/person.
DC-0364,ENT-0353,Legacy timeline claim (HT-0364),726,726,726,843,843,843,726–843 CE with interruption,Historical / religious chronology,Historical / religious chronology,Exact legacy coordinate,SRC-0180,Legacy v0.16 timeline record,Two iconoclast phases; broad bar.
DC-0365,ENT-0354,Legacy timeline claim (HT-0365),681,681,681,1018,1018,1018,681–1018 CE,Historical chronology,Historical chronology,Exact legacy coordinate,SRC-0179,Legacy v0.16 timeline record,Political boundaries changed substantially.
DC-0366,ENT-0355,Legacy timeline claim (HT-0366),864,864,864,870,870,870,c. 864–870 CE,Historical / religious chronology,Historical / religious chronology,Exact legacy coordinate,SRC-0179,Legacy v0.16 timeline record,"Process, not single-day conversion of population."
DC-0367,ENT-0356,Legacy timeline claim (HT-0367),863,863,863,885,885,885,c. 863–885 CE,Historical chronology,Historical chronology,Exact legacy coordinate,,Legacy v0.16 timeline record,Glagolitic precedes Cyrillic; avoid conflation.
DC-0368,ENT-0357,Legacy timeline claim (HT-0368),800,800,800,888,888,888,800–888 CE imperial phase,Historical chronology,Historical chronology,Exact legacy coordinate,,Legacy v0.16 timeline record,Frankish Carolingian rule begins before imperial coronation.
DC-0369,ENT-0358,Legacy timeline claim (HT-0369),800,800,800,800,800,800,800 CE,Historical chronology,Historical chronology,Exact legacy coordinate,,Legacy v0.16 timeline record,Interpretations of imperial title varied.
DC-0370,ENT-0135,Legacy timeline claim (HT-0370),793,793,793,1066,1066,1066,conventional c. 793–1066 CE,Historical chronology,Historical chronology,Exact legacy coordinate,,Legacy v0.16 timeline record,Conventional periodization; Norse societies extend beyond it.
DC-0371,ENT-0359,Legacy timeline claim (HT-0371),1000,1000,1000,1020,1020,1020,around 1000 CE,Archaeological chronology,Archaeological chronology,Exact legacy coordinate,SRC-0082,Legacy v0.16 timeline record,Exact occupation duration remains limited/uncertain.
DC-0372,ENT-0360,Legacy timeline claim (HT-0372),100,100,100,800,800,800,c. 1st–8th centuries CE,Historical / archaeological chronology,Historical / archaeological chronology,Exact legacy coordinate,SRC-0181,Legacy v0.16 timeline record,Political decline chronology varies.
DC-0373,ENT-0361,Legacy timeline claim (HT-0373),330,330,330,360,360,360,4th century CE,Historical / inscription chronology,Historical / inscription chronology,Exact legacy coordinate,,Legacy v0.16 timeline record,Exact date range approximate.
DC-0374,ENT-0362,Legacy timeline claim (HT-0374),700,700,700,1200,1200,1200,c. 8th–12th centuries CE major phase,Historical chronology,Historical chronology,Exact legacy coordinate,SRC-0193,Legacy v0.16 timeline record,Origins and endpoints approximate; distinguish from modern Ghana.
DC-0375,ENT-0363,Legacy timeline claim (HT-0375),700,700,700,1500,1500,1500,major expansion c. 8th–15th centuries CE,Historical / economic chronology,Historical / economic chronology,Exact legacy coordinate,SRC-0194,Legacy v0.16 timeline record,Long process; earlier Saharan exchange existed.
DC-0376,ENT-0121,Legacy timeline claim (HT-0376),618,618,618,907,907,907,618–907 CE,Historical chronology,Historical chronology,Exact legacy coordinate,SRC-0182,Legacy v0.16 timeline record,Major East Asian backbone.
DC-0377,ENT-0364,Legacy timeline claim (HT-0377),629,629,629,645,645,645,629–645 CE,Historical chronology,Historical chronology,Exact legacy coordinate,,Legacy v0.16 timeline record,High-value cross-cultural synchronization record.
DC-0378,ENT-0365,Legacy timeline claim (HT-0378),755,755,755,763,763,763,755–763 CE,Historical chronology,Historical chronology,Exact legacy coordinate,,Legacy v0.16 timeline record,Major global 8th-century event.
DC-0379,ENT-0366,Legacy timeline claim (HT-0379),710,710,710,794,794,794,710–794 CE,Historical chronology,Historical chronology,Exact legacy coordinate,,Legacy v0.16 timeline record,Period record.
DC-0380,ENT-0367,Legacy timeline claim (HT-0380),794,794,794,1185,1185,1185,794–1185 CE,Historical chronology,Historical chronology,Exact legacy coordinate,SRC-0183,Legacy v0.16 timeline record,Political authority shifted over period.
DC-0381,ENT-0368,Legacy timeline claim (HT-0381),1000,1000,1000,1010,1010,1010,c. early 11th century CE,Textual chronology,Textual chronology,Exact legacy coordinate,,Legacy v0.16 timeline record,Composition date approximate.
DC-0382,ENT-0369,Legacy timeline claim (HT-0382),320,320,320,550,550,550,c. 320–550 CE,Historical chronology,Historical chronology,Exact legacy coordinate,,Legacy v0.16 timeline record,Imperial reach and endpoint varied regionally.
DC-0383,ENT-0370,Legacy timeline claim (HT-0383),476,476,476,550,550,550,476–c. 550 CE,Historical chronology,Historical chronology,Exact legacy coordinate,,Legacy v0.16 timeline record,Death date approximate.
DC-0384,ENT-0371,Legacy timeline claim (HT-0384),575,575,575,900,900,900,c. 6th–9th centuries CE,Historical chronology,Historical chronology,Exact legacy coordinate,,Legacy v0.16 timeline record,Chronology simplified to major phase.
DC-0385,ENT-0372,Legacy timeline claim (HT-0385),850,850,850,1279,1279,1279,c. 850–1279 CE,Historical chronology,Historical chronology,Exact legacy coordinate,SRC-0184,Legacy v0.16 timeline record,Dynastic roots are older; bar emphasizes imperial resurgence.
DC-0386,ENT-0373,Legacy timeline claim (HT-0386),985,985,985,1014,1014,1014,r. 985–1014 CE,Historical chronology,Historical chronology,Exact legacy coordinate,SRC-0184,Legacy v0.16 timeline record,Reign record.
DC-0387,ENT-0374,Legacy timeline claim (HT-0387),650,650,650,1200,1200,1200,c. 7th–13th centuries CE,Historical chronology,Historical chronology,Exact legacy coordinate,,Legacy v0.16 timeline record,Political form and territorial extent varied.
DC-0388,ENT-0375,Legacy timeline claim (HT-0388),780,780,780,830,830,830,c. late 8th–early 9th century CE,Archaeological / architectural chronology,Archaeological / architectural chronology,Exact legacy coordinate,SRC-0185,Legacy v0.16 timeline record,Construction range approximate.
DC-0389,ENT-0376,Legacy timeline claim (HT-0389),802,802,802,1431,1431,1431,802–1431 CE conventional Angkorian period,Historical chronology,Historical chronology,Exact legacy coordinate,SRC-0186,Legacy v0.16 timeline record,Political influence varied across centuries.
DC-0390,ENT-0129,Legacy timeline claim (HT-0390),1113,1113,1113,1150,1150,1150,early 12th century CE,Architectural chronology,Architectural chronology,Exact legacy coordinate,SRC-0186,Legacy v0.16 timeline record,Later than main 500–1000 pass but linked for continuity.
DC-0391,ENT-0139,Legacy timeline claim (HT-0391),250,250,250,900,900,900,c. 250–900 CE,Archaeological chronology,Archaeological chronology,Exact legacy coordinate,SRC-0084,Legacy v0.16 timeline record,Regional trajectories vary.
DC-0392,ENT-0377,Legacy timeline claim (HT-0392),250,250,250,900,900,900,c. 250–900 CE major Classic phase,Archaeological / inscription chronology,Archaeological / inscription chronology,Exact legacy coordinate,SRC-0187,Legacy v0.16 timeline record,Occupation extends beyond Classic phase.
DC-0393,ENT-0378,Legacy timeline claim (HT-0393),292,292,292,900,900,900,dated monuments especially 4th–9th centuries CE,Epigraphic chronology,Epigraphic chronology,Exact legacy coordinate,SRC-0084,Legacy v0.16 timeline record,Earliest secure dates and regional examples require specialist epigraphy later.
DC-0394,ENT-0379,Legacy timeline claim (HT-0394),100,100,100,550,550,550,c. 1st–6th centuries CE,Archaeological chronology,Archaeological chronology,Exact legacy coordinate,SRC-0188,Legacy v0.16 timeline record,Population estimates later source separately.
DC-0395,ENT-0380,Legacy timeline claim (HT-0395),378,378,378,450,450,450,"from 378 CE, especially 4th–5th centuries",Epigraphic / archaeological chronology,Epigraphic / archaeological chronology,Exact legacy coordinate,,Legacy v0.16 timeline record,Nature of intervention remains debated.
DC-0396,ENT-0381,Legacy timeline claim (HT-0396),100,100,100,800,800,800,c. 100–800 CE,Archaeological chronology,Archaeological chronology,Exact legacy coordinate,,Legacy v0.16 timeline record,Not necessarily one unified empire.
DC-0397,ENT-0382,Legacy timeline claim (HT-0397),250,250,250,700,700,700,burials broadly c. 3rd–7th centuries CE,Archaeological chronology,Archaeological chronology,Exact legacy coordinate,,Legacy v0.16 timeline record,Individual tomb dates later refine.
DC-0398,ENT-0383,Legacy timeline claim (HT-0398),500,500,500,1000,1000,1000,c. 500–1000 CE major phase,Archaeological chronology,Archaeological chronology,Exact legacy coordinate,,Legacy v0.16 timeline record,Chronology approximate.
DC-0399,ENT-0384,Legacy timeline claim (HT-0399),600,600,600,1000,1000,1000,c. 600–1000 CE,Archaeological chronology,Archaeological chronology,Exact legacy coordinate,,Legacy v0.16 timeline record,Contemporary with Tiwanaku; relationship complex.
DC-0400,ENT-0385,Legacy timeline claim (HT-0400),1,1,1,500,500,500,c. 1–500 CE,Archaeological chronology,Archaeological chronology,Exact legacy coordinate,SRC-0189,Legacy v0.16 timeline record,Not a single centralized state.
DC-0401,ENT-0386,Legacy timeline claim (HT-0401),960,960,960,1279,1279,1279,960–1279 CE,Historical chronology,Historical chronology,Exact legacy coordinate,SRC-0190,Legacy v0.16 timeline record,Later normalize Northern/Southern Song as separate date claims or entities.
DC-0402,ENT-0387,Legacy timeline claim (HT-0402),1040,1040,1040,1050,1050,1050,c. 1040s CE,Historical / technological chronology,Historical / technological chronology,Exact legacy coordinate,,Legacy v0.16 timeline record,Woodblock printing predates this; distinct from later European metal type.
DC-0403,ENT-0388,Legacy timeline claim (HT-0403),1130,1130,1130,1200,1200,1200,1130–1200 CE,Historical chronology,Historical chronology,Exact legacy coordinate,SRC-0190,Legacy v0.16 timeline record,Person record.
DC-0404,ENT-0389,Legacy timeline claim (HT-0404),1162,1162,1162,1227,1227,1227,c. 1162–1227 CE,Historical chronology,Historical chronology,Exact legacy coordinate,SRC-0190,Legacy v0.16 timeline record,Birth year traditionally c.1162; some uncertainty.
DC-0405,ENT-0390,Legacy timeline claim (HT-0405),1206,1206,1206,1368,1368,1368,1206–14th century CE broad imperial/successor phase,Historical chronology,Historical chronology,Exact legacy coordinate,SRC-0191,Legacy v0.16 timeline record,Successor khanates diverged politically; broad bar.
DC-0406,ENT-0391,Legacy timeline claim (HT-0406),1215,1215,1215,1294,1294,1294,1215–1294 CE; Great Khan from 1260,Historical chronology,Historical chronology,Exact legacy coordinate,SRC-0190,Legacy v0.16 timeline record,Person record.
DC-0407,ENT-0124,Legacy timeline claim (HT-0407),1271,1271,1271,1368,1368,1368,1271–1368 CE,Historical chronology,Historical chronology,Exact legacy coordinate,SRC-0190,Legacy v0.16 timeline record,Dynastic declaration predates final conquest of Song.
DC-0408,ENT-0392,Legacy timeline claim (HT-0408),1274,1274,1274,1281,1281,1281,1274 and 1281 CE,Historical chronology,Historical chronology,Exact legacy coordinate,SRC-0190,Legacy v0.16 timeline record,Two discrete campaigns represented as one backbone record.
DC-0409,ENT-0393,Legacy timeline claim (HT-0409),980,980,980,1037,1037,1037,980–1037 CE,Historical chronology,Historical chronology,Exact legacy coordinate,,Legacy v0.16 timeline record,High-value 1000 CE contemporary.
DC-0410,ENT-0394,Legacy timeline claim (HT-0410),973,973,973,1048,1048,1048,973–c. 1048 CE,Historical chronology,Historical chronology,Exact legacy coordinate,,Legacy v0.16 timeline record,Strong cross-cultural science record.
DC-0411,ENT-0395,Legacy timeline claim (HT-0411),965,965,965,1040,1040,1040,c. 965–1040 CE,Historical chronology,Historical chronology,Exact legacy coordinate,,Legacy v0.16 timeline record,Dates approximate.
DC-0412,ENT-0396,Legacy timeline claim (HT-0412),1037,1037,1037,1194,1194,1194,1037–1194 CE,Historical chronology,Historical chronology,Exact legacy coordinate,,Legacy v0.16 timeline record,Branches require later separation.
DC-0413,ENT-0397,Legacy timeline claim (HT-0413),1071,1071,1071,1071,1071,1071,1071 CE,Historical chronology,Historical chronology,Exact legacy coordinate,,Legacy v0.16 timeline record,Do not portray as instant Turkification of Anatolia.
DC-0414,ENT-0398,Legacy timeline claim (HT-0414),1096,1096,1096,1099,1099,1099,1096–1099 CE,Historical chronology,Historical chronology,Exact legacy coordinate,SRC-0192,Legacy v0.16 timeline record,Regional actors and motivations were diverse.
DC-0415,ENT-0399,Legacy timeline claim (HT-0415),1098,1098,1098,1291,1291,1291,1098–1291 CE,Historical chronology,Historical chronology,Exact legacy coordinate,SRC-0192,Legacy v0.16 timeline record,Avoid binary civilization framing.
DC-0416,ENT-0400,Legacy timeline claim (HT-0416),1137,1137,1137,1193,1193,1193,c. 1137–1193 CE,Historical chronology,Historical chronology,Exact legacy coordinate,,Legacy v0.16 timeline record,Person record.
DC-0417,ENT-0130,Legacy timeline claim (HT-0417),1230,1230,1230,1600,1600,1600,c. 1230–1600 CE,Historical chronology,Historical chronology,Exact legacy coordinate,SRC-0193,Legacy v0.16 timeline record,Dates broad; political extent changed.
DC-0418,ENT-0401,Legacy timeline claim (HT-0418),1312,1312,1312,1337,1337,1337,r. c. 1312–1337 CE,Historical chronology,Historical chronology,Exact legacy coordinate,SRC-0193,Legacy v0.16 timeline record,Reign dates approximate.
DC-0419,ENT-0402,Legacy timeline claim (HT-0419),1324,1324,1324,1325,1325,1325,1324–1325 CE,Historical chronology,Historical chronology,Exact legacy coordinate,SRC-0194,Legacy v0.16 timeline record,Feature synchronization event.
DC-0420,ENT-0403,Legacy timeline claim (HT-0420),1100,1100,1100,1450,1450,1450,c. 1100–1450 CE,Archaeological / historical chronology,Archaeological / historical chronology,Exact legacy coordinate,SRC-0079,Legacy v0.16 timeline record,Ethnohistorical linkage should be phrased cautiously.
DC-0421,ENT-0404,Legacy timeline claim (HT-0421),1100,1100,1100,1500,1500,1500,c. 12th–15th centuries CE,Historical / archaeological chronology,Historical / archaeological chronology,Exact legacy coordinate,SRC-0195,Legacy v0.16 timeline record,Part of wider Swahili urban network.
DC-0422,ENT-0405,Legacy timeline claim (HT-0422),1206,1206,1206,1526,1526,1526,1206–1526 CE,Historical chronology,Historical chronology,Exact legacy coordinate,,Legacy v0.16 timeline record,Multiple dynasties later separable.
DC-0423,ENT-0406,Legacy timeline claim (HT-0423),1336,1336,1336,1646,1646,1646,1336–1646 CE broad,Historical chronology,Historical chronology,Exact legacy coordinate,,Legacy v0.16 timeline record,Political contraction preceded formal endpoint.
DC-0424,ENT-0407,Legacy timeline claim (HT-0424),1293,1293,1293,1527,1527,1527,1293–c. 1527 CE,Historical chronology,Historical chronology,Exact legacy coordinate,,Legacy v0.16 timeline record,Extent and tributary relationships require nuanced mapping.
DC-0425,ENT-0408,Legacy timeline claim (HT-0425),1000,1000,1000,1431,1431,1431,c. 1000–1431 CE,Historical / archaeological chronology,Historical / archaeological chronology,Exact legacy coordinate,SRC-0186,Legacy v0.16 timeline record,Overlaps earlier Khmer backbone intentionally pending normalization.
DC-0426,ENT-0409,Legacy timeline claim (HT-0426),1050,1050,1050,1350,1350,1350,c. 1050–1350 CE,Archaeological chronology,Archaeological chronology,Exact legacy coordinate,SRC-0196,Legacy v0.16 timeline record,NPS gives broader site occupation; this record emphasizes florescence.
DC-0427,ENT-0410,Legacy timeline claim (HT-0427),800,800,800,1600,1600,1600,c. 800–1600 CE,Archaeological chronology,Archaeological chronology,Exact legacy coordinate,SRC-0196,Legacy v0.16 timeline record,Not one ethnicity or empire.
DC-0428,ENT-0411,Legacy timeline claim (HT-0428),900,900,900,1150,1150,1150,c. 900–1150 CE,Archaeological chronology,Archaeological chronology,Exact legacy coordinate,,Legacy v0.16 timeline record,Existing Chaco record later reconcile.
DC-0429,ENT-0143,Legacy timeline claim (HT-0429),1250,1250,1250,1300,1300,1300,c. 1250–1300 CE,Archaeological chronology,Archaeological chronology,Exact legacy coordinate,SRC-0197,Legacy v0.16 timeline record,Oral genealogical chronologies retained separately.
DC-0430,ENT-0412,Legacy timeline claim (HT-0430),,,,,,,traditional genealogical placement around settlement generations; exact dates vary,Traditional / oral chronology,Traditional / oral chronology,Textual/range claim; normalized numeric placement pending,SRC-0198,Legacy v0.16 timeline record,Traditional figures preserved without converting genealogy into false exact dates.
DC-0431,ENT-0413,Legacy timeline claim (HT-0431),1200,1200,1200,1300,1300,1300,c. 1200–1300 CE major late migration horizon,Archaeological / migration chronology,Archaeological / migration chronology,Exact legacy coordinate,,Legacy v0.16 timeline record,Individual island chronologies debated and should remain separate.
DC-0432,ENT-0414,Legacy timeline claim (HT-0432),900,900,900,1520,1520,1520,c. 900–early 16th century CE,Archaeological / historical chronology,Archaeological / historical chronology,Exact legacy coordinate,,Legacy v0.16 timeline record,Rejects obsolete implication that Maya civilization ended c.900.
DC-0433,ENT-0415,Legacy timeline claim (HT-0433),800,800,800,1200,1200,1200,c. 9th–12th centuries CE,Archaeological chronology,Archaeological chronology,Exact legacy coordinate,,Legacy v0.16 timeline record,Chronology simplified.
DC-0434,ENT-0416,Legacy timeline claim (HT-0434),1325,1325,1325,1325,1325,1325,1325 CE traditional date,Traditional / historical chronology,Traditional / historical chronology,Exact legacy coordinate,SRC-0199,Legacy v0.16 timeline record,Traditional foundation date preserved as such.
DC-0435,ENT-0417,Legacy timeline claim (HT-0435),1428,1428,1428,1521,1521,1521,1428–1521 CE,Historical chronology,Historical chronology,Exact legacy coordinate,SRC-0199,Legacy v0.16 timeline record,Political system was tributary and multi-polity.
DC-0436,ENT-0418,Legacy timeline claim (HT-0436),1440,1440,1440,1469,1469,1469,r. 1440–1469 CE,Historical chronology,Historical chronology,Exact legacy coordinate,SRC-0199,Legacy v0.16 timeline record,Reign record.
DC-0437,ENT-0419,Legacy timeline claim (HT-0437),1438,1438,1438,1471,1471,1471,c. 1438–1471 CE,Historical / ethnohistorical chronology,Historical / ethnohistorical chronology,Exact legacy coordinate,,Legacy v0.16 timeline record,Dates based partly on later ethnohistorical reconstruction.
DC-0438,ENT-0420,Legacy timeline claim (HT-0438),1438,1438,1438,1533,1533,1533,c. 1438–1533 CE imperial phase,Historical / ethnohistorical chronology,Historical / ethnohistorical chronology,Exact legacy coordinate,SRC-0200,Legacy v0.16 timeline record,Resistance and successor Neo-Inca state continued after 1533.
DC-0439,ENT-0421,Legacy timeline claim (HT-0439),1346,1346,1346,1353,1353,1353,c. 1346–1353 CE,Historical / epidemiological chronology,Historical / epidemiological chronology,Exact legacy coordinate,SRC-0201,Legacy v0.16 timeline record,Geographic timing varied; later ancient-DNA layer can refine origins/spread.
DC-0440,ENT-0422,Legacy timeline claim (HT-0440),1304,1304,1304,1368,1368,1368,1304–1368/69 CE,Historical chronology,Historical chronology,Exact legacy coordinate,,Legacy v0.16 timeline record,Excellent cross-regional synchronization figure.
DC-0441,ENT-0423,Legacy timeline claim (HT-0441),1254,1254,1254,1324,1324,1324,1254–1324 CE,Historical chronology,Historical chronology,Exact legacy coordinate,SRC-0202,Legacy v0.16 timeline record,Account transmission/authorship questions can later be separated.
DC-0442,ENT-0424,Legacy timeline claim (HT-0442),1337,1337,1337,1453,1453,1453,1337–1453 CE,Historical chronology,Historical chronology,Exact legacy coordinate,,Legacy v0.16 timeline record,"Intermittent conflict, not continuous fighting."
DC-0443,ENT-0425,Legacy timeline claim (HT-0443),1412,1412,1412,1431,1431,1431,c. 1412–1431 CE,Historical chronology,Historical chronology,Exact legacy coordinate,,Legacy v0.16 timeline record,Person record.
DC-0444,ENT-0426,Legacy timeline claim (HT-0444),1453,1453,1453,1453,1453,1453,1453 CE,Historical chronology,Historical chronology,Exact legacy coordinate,,Legacy v0.16 timeline record,Byzantine cultural/religious continuities persist after political fall.
DC-0445,ENT-0149,Legacy timeline claim (HT-0445),1405,1405,1405,1433,1433,1433,1405–1433 CE,Historical chronology,Historical chronology,Exact legacy coordinate,SRC-0203,Legacy v0.16 timeline record,Seven major voyages conventionally counted.
DC-0446,ENT-0427,Legacy timeline claim (HT-0446),1368,1368,1368,1644,1644,1644,1368–1644 CE,Historical chronology,Historical chronology,Exact legacy coordinate,SRC-0203,Legacy v0.16 timeline record,Existing Ming record later normalize.
DC-0447,ENT-0428,Legacy timeline claim (HT-0447),1000,1000,1000,1400,1400,1400,c. 11th–14th centuries CE,Technological chronology,Technological chronology,Exact legacy coordinate,,Legacy v0.16 timeline record,"Diffusion process, not single invention date."
DC-0448,ENT-0429,Legacy timeline claim (HT-0448),1100,1100,1100,1300,1300,1300,c. 12th–13th centuries CE broad diffusion,Technological chronology,Technological chronology,Exact legacy coordinate,,Legacy v0.16 timeline record,Earlier magnetism knowledge distinct from navigational use.
DC-0449,ENT-0430,Legacy timeline claim (HT-0449),1088,1088,1088,1088,1088,1088,1088 CE conventional founding date,Institutional / traditional chronology,Institutional / traditional chronology,Exact legacy coordinate,,Legacy v0.16 timeline record,Institution developed gradually; conventional date.
DC-0450,ENT-0431,Legacy timeline claim (HT-0450),1225,1225,1225,1274,1274,1274,c. 1225–1274 CE,Historical chronology,Historical chronology,Exact legacy coordinate,,Legacy v0.16 timeline record,Major medieval intellectual figure.
DC-0451,ENT-0432,Legacy timeline claim (HT-0451),1452,1452,1452,1519,1519,1519,1452–1519 CE,Historical chronology,Historical chronology,Exact legacy coordinate,,Legacy v0.16 timeline record,Person record.
DC-0452,ENT-0433,Legacy timeline claim (HT-0452),1475,1475,1475,1564,1564,1564,1475–1564 CE,Historical chronology,Historical chronology,Exact legacy coordinate,,Legacy v0.16 timeline record,Person record.
DC-0453,ENT-0434,Legacy timeline claim (HT-0453),1517,1517,1517,1648,1648,1648,from 1517 CE; broad Reformation era,Historical / religious chronology,Historical / religious chronology,Exact legacy coordinate,,Legacy v0.16 timeline record,Not one unified movement or single endpoint.
DC-0454,ENT-0173,Legacy timeline claim (HT-0454),1545,1545,1545,1563,1563,1563,1545–1563 CE,Historical / religious chronology,Historical / religious chronology,Exact legacy coordinate,,Legacy v0.16 timeline record,Multiple sessions.
DC-0455,ENT-0174,Legacy timeline claim (HT-0455),1473,1473,1473,1543,1543,1543,1473–1543 CE,Historical chronology,Historical chronology,Exact legacy coordinate,,Legacy v0.16 timeline record,Model had ancient precedents but transformed early modern astronomy.
DC-0456,ENT-0176,Legacy timeline claim (HT-0456),1564,1564,1564,1642,1642,1642,1564–1642 CE,Historical chronology,Historical chronology,Exact legacy coordinate,,Legacy v0.16 timeline record,Person record.
DC-0457,ENT-0178,Legacy timeline claim (HT-0457),1642,1642,1642,1727,1727,1727,1642–1727 CE,Historical chronology,Historical chronology,Exact legacy coordinate,,Legacy v0.16 timeline record,Priority disputes around calculus later separate if needed.
DC-0458,ENT-0435,Legacy timeline claim (HT-0458),1453,1453,1453,1683,1683,1683,1453–1683 CE broad high-imperial phase,Historical chronology,Historical chronology,Exact legacy coordinate,SRC-0204,Legacy v0.16 timeline record,Empire itself extends c.1299–1922.
DC-0459,ENT-0436,Legacy timeline claim (HT-0459),1520,1520,1520,1566,1566,1566,r. 1520–1566 CE,Historical chronology,Historical chronology,Exact legacy coordinate,SRC-0204,Legacy v0.16 timeline record,Reign record.
DC-0460,ENT-0437,Legacy timeline claim (HT-0460),1489,1489,1489,1588,1588,1588,c. 1489–1588 CE; chief architect 1539–1588,Historical chronology,Historical chronology,Exact legacy coordinate,SRC-0204,Legacy v0.16 timeline record,Birth date approximate.
DC-0461,ENT-0438,Legacy timeline claim (HT-0461),1501,1501,1501,1722,1722,1722,1501–1722 CE,Historical chronology,Historical chronology,Exact legacy coordinate,SRC-0205,Legacy v0.16 timeline record,Later brief restoration not included in main bar.
DC-0462,ENT-0439,Legacy timeline claim (HT-0462),1501,1501,1501,1524,1524,1524,r. 1501–1524 CE,Historical chronology,Historical chronology,Exact legacy coordinate,SRC-0205,Legacy v0.16 timeline record,Reign record.
DC-0463,ENT-0440,Legacy timeline claim (HT-0463),1514,1514,1514,1514,1514,1514,1514 CE,Historical chronology,Historical chronology,Exact legacy coordinate,SRC-0204,Legacy v0.16 timeline record,Did not end long Ottoman-Safavid competition.
DC-0464,ENT-0441,Legacy timeline claim (HT-0464),1526,1526,1526,1857,1857,1857,1526–1857 CE,Historical chronology,Historical chronology,Exact legacy coordinate,SRC-0206,Legacy v0.16 timeline record,Political power declined substantially before formal 1857 endpoint.
DC-0465,ENT-0155,Legacy timeline claim (HT-0465),1556,1556,1556,1605,1605,1605,r. 1556–1605 CE,Historical chronology,Historical chronology,Exact legacy coordinate,SRC-0206,Legacy v0.16 timeline record,Reign record.
DC-0466,ENT-0442,Legacy timeline claim (HT-0466),1628,1628,1628,1658,1658,1658,Shah Jahan r. 1628–1658; Taj Mahal c. 1632–1653,Historical / architectural chronology,Historical / architectural chronology,Exact legacy coordinate,SRC-0097,Legacy v0.16 timeline record,Ruler and monument can later separate.
DC-0467,ENT-0443,Legacy timeline claim (HT-0467),1603,1603,1603,1868,1868,1868,1603–1868 CE,Historical chronology,Historical chronology,Exact legacy coordinate,SRC-0207,Legacy v0.16 timeline record,Imperial court continued alongside shogunate.
DC-0468,ENT-0444,Legacy timeline claim (HT-0468),1543,1543,1543,1616,1616,1616,1543–1616 CE; shogun 1603–1605,Historical chronology,Historical chronology,Exact legacy coordinate,SRC-0207,Legacy v0.16 timeline record,Person record.
DC-0469,ENT-0159,Legacy timeline claim (HT-0469),1644,1644,1644,1911,1911,1911,1644–1911 CE,Historical chronology,Historical chronology,Exact legacy coordinate,,Legacy v0.16 timeline record,Existing Qing record later normalize.
DC-0470,ENT-0160,Legacy timeline claim (HT-0470),1661,1661,1661,1722,1722,1722,r. 1661–1722 CE,Historical chronology,Historical chronology,Exact legacy coordinate,,Legacy v0.16 timeline record,Reign record.
DC-0471,ENT-0445,Legacy timeline claim (HT-0471),1483,1483,1483,1665,1665,1665,1483–1665 CE major Portuguese-contact era,Historical chronology,Historical chronology,Exact legacy coordinate,SRC-0208,Legacy v0.16 timeline record,Kongo history extends beyond 1665.
DC-0472,ENT-0446,Legacy timeline claim (HT-0472),1509,1509,1509,1543,1543,1543,r. c. 1509–1543 CE,Historical chronology,Historical chronology,Exact legacy coordinate,SRC-0208,Legacy v0.16 timeline record,Reign dates approximate.
DC-0473,ENT-0447,Legacy timeline claim (HT-0473),1580,1580,1580,1800,1800,1800,late 16th–18th centuries CE,Historical chronology,Historical chronology,Exact legacy coordinate,SRC-0209,Legacy v0.16 timeline record,Separate Luba/Lunda entities later.
DC-0474,ENT-0448,Legacy timeline claim (HT-0474),1624,1624,1624,1900,1900,1900,c. 1624–late 19th century,Historical chronology,Historical chronology,Exact legacy coordinate,SRC-0209,Legacy v0.16 timeline record,End date approximate display horizon.
DC-0475,ENT-0449,Legacy timeline claim (HT-0475),1700,1700,1700,1800,1800,1800,18th century CE major formation/expansion,Historical chronology,Historical chronology,Exact legacy coordinate,SRC-0210,Legacy v0.16 timeline record,Continues into 19th century.
DC-0476,ENT-0450,Legacy timeline claim (HT-0476),1600,1600,1600,1800,1800,1800,17th–18th centuries CE major phase,Historical chronology,Historical chronology,Exact legacy coordinate,SRC-0210,Legacy v0.16 timeline record,Earlier origins and 19th-century decline later refine.
DC-0477,ENT-0451,Legacy timeline claim (HT-0477),1632,1632,1632,1769,1769,1769,c. 1632–1769 CE,Historical chronology,Historical chronology,Exact legacy coordinate,SRC-0211,Legacy v0.16 timeline record,Period dates conventional.
DC-0478,ENT-0452,Legacy timeline claim (HT-0478),1698,1698,1698,1800,1800,1800,late 17th–18th centuries CE,Historical chronology,Historical chronology,Exact legacy coordinate,SRC-0211,Legacy v0.16 timeline record,Zanzibar-centered phase intensifies later.
DC-0479,ENT-0453,Legacy timeline claim (HT-0479),1492,1492,1492,1492,1492,1492,1492 CE,Historical chronology,Historical chronology,Exact legacy coordinate,SRC-0213,Legacy v0.16 timeline record,Not 'discovery' of inhabited Americas.
DC-0480,ENT-0168,Legacy timeline claim (HT-0480),1492,1492,1492,1700,1700,1700,from 1492; major early-modern phase,Historical / ecological chronology,Historical / ecological chronology,Exact legacy coordinate,SRC-0213,Legacy v0.16 timeline record,Long process extending beyond display range.
DC-0481,ENT-0454,Legacy timeline claim (HT-0481),1500,1500,1500,1800,1800,1800,c. 1500–1800 CE major expansion,Historical chronology,Historical chronology,Exact legacy coordinate,SRC-0212,Legacy v0.16 timeline record,Continued into 19th century; quantify later with SlaveVoyages specialist dataset.
DC-0482,ENT-0455,Legacy timeline claim (HT-0482),1519,1519,1519,1521,1521,1521,1519–1521 CE,Historical chronology,Historical chronology,Exact legacy coordinate,,Legacy v0.16 timeline record,Avoid Spanish-only conquest narrative.
DC-0483,ENT-0456,Legacy timeline claim (HT-0483),1532,1532,1532,1533,1533,1533,1532–1533 CE,Historical chronology,Historical chronology,Exact legacy coordinate,,Legacy v0.16 timeline record,Not endpoint of Inca resistance.
DC-0484,ENT-0457,Legacy timeline claim (HT-0484),1570,1570,1570,1646,1646,1646,late 16th–mid-17th century major confederated phase,Historical / ethnohistorical chronology,Historical / ethnohistorical chronology,Exact legacy coordinate,,Legacy v0.16 timeline record,Dates approximate; polity existed before English settlement.
DC-0485,ENT-0458,Legacy timeline claim (HT-0485),1607,1607,1607,1607,1607,1607,1607 CE,Historical chronology,Historical chronology,Exact legacy coordinate,SRC-0214,Legacy v0.16 timeline record,Indigenous context explicitly retained.
DC-0486,ENT-0459,Legacy timeline claim (HT-0486),1620,1620,1620,1675,1675,1675,1620–1675 CE broad interaction era,Historical chronology,Historical chronology,Exact legacy coordinate,,Legacy v0.16 timeline record,Do not reduce to Thanksgiving narrative.
DC-0487,ENT-0460,Legacy timeline claim (HT-0487),1500,1500,1500,1800,1800,1800,precontact origins; major documented power 16th–18th centuries,Traditional / historical chronology,Traditional / historical chronology,Exact legacy coordinate,,Legacy v0.16 timeline record,Founding chronology varies in oral and scholarly traditions; do not force one date.
DC-0488,ENT-0461,Legacy timeline claim (HT-0488),1680,1680,1680,1692,1692,1692,1680 revolt; Spanish reconquest completed 1692,Historical chronology,Historical chronology,Exact legacy coordinate,SRC-0215,Legacy v0.16 timeline record,Multiple Pueblo communities and leaders.
DC-0489,ENT-0462,Legacy timeline claim (HT-0489),1505,1505,1505,1750,1750,1750,16th–18th centuries CE major phase,Historical chronology,Historical chronology,Exact legacy coordinate,SRC-0206,Legacy v0.16 timeline record,Did not create Indian Ocean trade.
DC-0490,ENT-0463,Legacy timeline claim (HT-0490),1497,1497,1497,1499,1499,1499,1497–1499 CE,Historical chronology,Historical chronology,Exact legacy coordinate,,Legacy v0.16 timeline record,"Route connection, not discovery of India."
DC-0491,ENT-0183,Legacy timeline claim (HT-0491),1519,1519,1519,1522,1522,1522,1519–1522 CE,Historical chronology,Historical chronology,Exact legacy coordinate,,Legacy v0.16 timeline record,Magellan died in 1521; Elcano completed voyage.
DC-0492,ENT-0464,Legacy timeline claim (HT-0492),1450,1450,1450,1455,1455,1455,c. 1450–1455 CE,Technological chronology,Technological chronology,Exact legacy coordinate,SRC-0216,Legacy v0.16 timeline record,Explicitly not the invention of printing globally.
DC-0493,ENT-0465,Legacy timeline claim (HT-0493),1564,1564,1564,1616,1616,1616,1564–1616 CE,Historical chronology,Historical chronology,Exact legacy coordinate,,Legacy v0.16 timeline record,Person record.
DC-0494,ENT-0466,Legacy timeline claim (HT-0494),1618,1618,1618,1648,1648,1648,1618–1648 CE,Historical chronology,Historical chronology,Exact legacy coordinate,,Legacy v0.16 timeline record,Not solely a religious war.
DC-0495,ENT-0467,Legacy timeline claim (HT-0495),1648,1648,1648,1648,1648,1648,1648 CE,Historical chronology,Historical chronology,Exact legacy coordinate,,Legacy v0.16 timeline record,Avoid simplistic claim that it invented modern sovereignty.
DC-0496,ENT-0468,Legacy timeline claim (HT-0496),1688,1688,1688,1689,1689,1689,1688–1689 CE,Historical chronology,Historical chronology,Exact legacy coordinate,,Legacy v0.16 timeline record,Political process.
DC-0497,ENT-0189,Legacy timeline claim (HT-0497),1775,1775,1775,1783,1783,1783,1775–1783 CE,Historical chronology,Historical chronology,Exact legacy coordinate,SRC-0113,Legacy v0.16 timeline record,Global imperial context later deepen.
DC-0498,ENT-0469,Legacy timeline claim (HT-0498),1776,1776,1776,1776,1776,1776,4 July 1776,Historical / documentary chronology,Historical / documentary chronology,Exact legacy coordinate,SRC-0217,Legacy v0.16 timeline record,Primary document milestone.
DC-0499,ENT-0470,Legacy timeline claim (HT-0499),1789,1789,1789,1799,1799,1799,1789–1799 CE,Historical chronology,Historical chronology,Exact legacy coordinate,,Legacy v0.16 timeline record,Multiple phases.
DC-0500,ENT-0191,Legacy timeline claim (HT-0500),1791,1791,1791,1804,1804,1804,1791–1804 CE,Historical chronology,Historical chronology,Exact legacy coordinate,,Legacy v0.16 timeline record,Continues beyond 1800 boundary; major Atlantic synchronization anchor.
DC-0501,ENT-0192,Legacy timeline claim (HT-0501),1804,1804,1804,1804,1804,1804,1 January 1804,Historical chronology,Historical chronology,Exact legacy coordinate,,Legacy v0.16 timeline record,Major Atlantic-world synchronization anchor.
DC-0502,ENT-0471,Legacy timeline claim (HT-0502),1769,1769,1769,1821,1821,1821,1769–1821 CE; emperor 1804–1814/15,Historical chronology,Historical chronology,Exact legacy coordinate,,Legacy v0.16 timeline record,Person and Napoleonic Wars later separable.
DC-0503,ENT-0472,Legacy timeline claim (HT-0503),1814,1814,1814,1815,1815,1815,1814–1815 CE,Historical chronology,Historical chronology,Exact legacy coordinate,,Legacy v0.16 timeline record,"European diplomatic framework, not global settlement."
DC-0504,ENT-0473,Legacy timeline claim (HT-0504),1808,1808,1808,1826,1826,1826,c. 1808–1826 CE,Historical chronology,Historical chronology,Exact legacy coordinate,,Legacy v0.16 timeline record,Multiple distinct regional revolutions.
DC-0505,ENT-0195,Legacy timeline claim (HT-0505),1783,1783,1783,1830,1830,1830,1783–1830 CE,Historical chronology,Historical chronology,Exact legacy coordinate,,Legacy v0.16 timeline record,Person record.
DC-0506,ENT-0474,Legacy timeline claim (HT-0506),1810,1810,1810,1821,1821,1821,1810–1821 CE,Historical chronology,Historical chronology,Exact legacy coordinate,,Legacy v0.16 timeline record,Complex multistage conflict.
DC-0507,ENT-0475,Legacy timeline claim (HT-0507),1760,1760,1760,1840,1840,1840,c. 1760–1840 CE conventional first phase,Historical / technological chronology,Historical / technological chronology,Exact legacy coordinate,,Legacy v0.16 timeline record,Not a single event and not globally simultaneous.
DC-0508,ENT-0197,Legacy timeline claim (HT-0508),1765,1765,1765,1781,1781,1781,major improvements 1760s–1780s,Technological chronology,Technological chronology,Exact legacy coordinate,,Legacy v0.16 timeline record,Steam engines predate Watt.
DC-0509,ENT-0476,Legacy timeline claim (HT-0509),1825,1825,1825,1914,1914,1914,major expansion c. 1825–1914 CE,Technological / economic chronology,Technological / economic chronology,Exact legacy coordinate,SRC-0230,Legacy v0.16 timeline record,Regional adoption dates differ.
DC-0510,ENT-0477,Legacy timeline claim (HT-0510),1837,1837,1837,1900,1900,1900,major diffusion from late 1830s,Technological chronology,Technological chronology,Exact legacy coordinate,,Legacy v0.16 timeline record,Multiple inventors/systems; avoid single-inventor simplification.
DC-0511,ENT-0478,Legacy timeline claim (HT-0511),1809,1809,1809,1882,1882,1882,1809–1882 CE,Historical chronology,Historical chronology,Exact legacy coordinate,,Legacy v0.16 timeline record,Human evolution evidence later continued separately.
DC-0512,ENT-0479,Legacy timeline claim (HT-0512),1859,1859,1859,1859,1859,1859,1859 CE,Textual / scientific chronology,Textual / scientific chronology,Exact legacy coordinate,,Legacy v0.16 timeline record,Text record separate from author.
DC-0513,ENT-0480,Legacy timeline claim (HT-0513),1822,1822,1822,1895,1895,1895,1822–1895 CE,Historical chronology,Historical chronology,Exact legacy coordinate,,Legacy v0.16 timeline record,Germ theory involved multiple researchers.
DC-0514,ENT-0481,Legacy timeline claim (HT-0514),1850,1850,1850,1900,1900,1900,mid-to-late 19th century CE,Scientific chronology,Scientific chronology,Exact legacy coordinate,,Legacy v0.16 timeline record,Long multi-person development.
DC-0515,ENT-0482,Legacy timeline claim (HT-0515),1807,1807,1807,1807,1807,1807,1807 CE,Historical chronology,Historical chronology,Exact legacy coordinate,,Legacy v0.16 timeline record,Trade abolition distinct from slavery abolition.
DC-0516,ENT-0483,Legacy timeline claim (HT-0516),1833,1833,1833,1838,1838,1838,1833 Act; apprenticeship ended 1838,Historical chronology,Historical chronology,Exact legacy coordinate,,Legacy v0.16 timeline record,"Compensation went to slaveholders, not enslaved people."
DC-0517,ENT-0484,Legacy timeline claim (HT-0517),1861,1861,1861,1865,1865,1865,1861–1865 CE,Historical chronology,Historical chronology,Exact legacy coordinate,SRC-0226,Legacy v0.16 timeline record,Regional and emancipation chronology later deepen.
DC-0518,ENT-0210,Legacy timeline claim (HT-0518),1863,1863,1863,1863,1863,1863,1 January 1863,Historical / documentary chronology,Historical / documentary chronology,Exact legacy coordinate,SRC-0227,Legacy v0.16 timeline record,Did not immediately free every enslaved person in the US.
DC-0519,ENT-0485,Legacy timeline claim (HT-0519),1865,1865,1865,1865,1865,1865,1865 CE,Historical chronology,Historical chronology,Exact legacy coordinate,,Legacy v0.16 timeline record,"Exception clause preserved verbatim conceptually, not quoted."
DC-0520,ENT-0486,Legacy timeline claim (HT-0520),1888,1888,1888,1888,1888,1888,13 May 1888,Historical chronology,Historical chronology,Exact legacy coordinate,,Legacy v0.16 timeline record,Post-emancipation inequality continued.
DC-0521,ENT-0487,Legacy timeline claim (HT-0521),1816,1816,1816,1879,1879,1879,c. 1816–1879 CE major independent phase,Historical chronology,Historical chronology,Exact legacy coordinate,SRC-0220,Legacy v0.16 timeline record,State history continues after 1879 under altered sovereignty.
DC-0522,ENT-0488,Legacy timeline claim (HT-0522),1787,1787,1787,1828,1828,1828,c. 1787–1828 CE; ruler c. 1816–1828,Historical chronology,Historical chronology,Exact legacy coordinate,,Legacy v0.16 timeline record,Avoid older monocausal 'mfecane caused by Shaka' framing.
DC-0523,ENT-0489,Legacy timeline claim (HT-0523),1804,1804,1804,1903,1903,1903,1804–1903 CE,Historical chronology,Historical chronology,Exact legacy coordinate,SRC-0219,Legacy v0.16 timeline record,Regional emirates retained varying autonomy.
DC-0524,ENT-0490,Legacy timeline claim (HT-0524),1754,1754,1754,1817,1817,1817,1754–1817 CE,Historical chronology,Historical chronology,Exact legacy coordinate,,Legacy v0.16 timeline record,Person record.
DC-0525,ENT-0491,Legacy timeline claim (HT-0525),1855,1855,1855,1913,1913,1913,1855–1913 CE broad consolidation era,Historical chronology,Historical chronology,Exact legacy coordinate,SRC-0221,Legacy v0.16 timeline record,Complex internal conquest and incorporation must remain visible.
DC-0526,ENT-0492,Legacy timeline claim (HT-0526),1896,1896,1896,1896,1896,1896,1 March 1896,Historical chronology,Historical chronology,Exact legacy coordinate,,Legacy v0.16 timeline record,Major global synchronization anchor.
DC-0527,ENT-0493,Legacy timeline claim (HT-0527),1880,1880,1880,1914,1914,1914,c. 1880–1914 CE,Historical chronology,Historical chronology,Exact legacy coordinate,SRC-0218,Legacy v0.16 timeline record,Africa was not passively partitioned.
DC-0528,ENT-0206,Legacy timeline claim (HT-0528),1884,1884,1884,1885,1885,1885,1884–1885 CE,Historical chronology,Historical chronology,Exact legacy coordinate,,Legacy v0.16 timeline record,Conference did not literally draw every later border in one meeting.
DC-0529,ENT-0204,Legacy timeline claim (HT-0529),1857,1857,1857,1858,1858,1858,1857–1858 CE,Historical chronology,Historical chronology,Exact legacy coordinate,SRC-0222,Legacy v0.16 timeline record,"Terminology varies: rebellion, uprising, mutiny, first war of independence."
DC-0530,ENT-0203,Legacy timeline claim (HT-0530),1858,1858,1858,1947,1947,1947,1858–1947 CE,Historical chronology,Historical chronology,Exact legacy coordinate,SRC-0222,Legacy v0.16 timeline record,Princely states retained varying internal authority.
DC-0531,ENT-0201,Legacy timeline claim (HT-0531),1868,1868,1868,1912,1912,1912,1868–1912 CE Meiji era,Historical chronology,Historical chronology,Exact legacy coordinate,SRC-0223,Legacy v0.16 timeline record,Transformation extended across decades.
DC-0532,ENT-0494,Legacy timeline claim (HT-0532),1894,1894,1894,1895,1895,1895,1894–1895 CE,Historical chronology,Historical chronology,Exact legacy coordinate,,Legacy v0.16 timeline record,Major East Asian transition.
DC-0533,ENT-0495,Legacy timeline claim (HT-0533),1861,1861,1861,1895,1895,1895,c. 1861–1895 CE,Historical chronology,Historical chronology,Exact legacy coordinate,SRC-0224,Legacy v0.16 timeline record,Decentralized reform efforts.
DC-0534,ENT-0200,Legacy timeline claim (HT-0534),1850,1850,1850,1864,1864,1864,1850–1864 CE,Historical chronology,Historical chronology,Exact legacy coordinate,,Legacy v0.16 timeline record,Among the deadliest nineteenth-century conflicts; exact mortality uncertain.
DC-0535,ENT-0496,Legacy timeline claim (HT-0535),1839,1839,1839,1860,1860,1860,1839–1842 and 1856–1860 CE,Historical chronology,Historical chronology,Exact legacy coordinate,SRC-0224,Legacy v0.16 timeline record,Two wars combined as backbone record.
DC-0536,ENT-0497,Legacy timeline claim (HT-0536),1839,1839,1839,1876,1876,1876,1839–1876 CE,Historical chronology,Historical chronology,Exact legacy coordinate,SRC-0225,Legacy v0.16 timeline record,Multiple edicts and reforms.
DC-0537,ENT-0498,Legacy timeline claim (HT-0537),1821,1821,1821,1832,1832,1832,1821–1832 CE,Historical chronology,Historical chronology,Exact legacy coordinate,,Legacy v0.16 timeline record,Regional Ottoman context.
DC-0538,ENT-0499,Legacy timeline claim (HT-0538),1848,1848,1848,1871,1871,1871,major unification phase 1848–1871 CE,Historical chronology,Historical chronology,Exact legacy coordinate,,Legacy v0.16 timeline record,Longer intellectual roots predate 1848.
DC-0539,ENT-0500,Legacy timeline claim (HT-0539),1864,1864,1864,1871,1871,1871,1864–1871 CE major wars/unification,Historical chronology,Historical chronology,Exact legacy coordinate,,Legacy v0.16 timeline record,Nation-building roots earlier.
DC-0540,ENT-0501,Legacy timeline claim (HT-0540),1848,1848,1848,1849,1849,1849,1848–1849 CE,Historical chronology,Historical chronology,Exact legacy coordinate,,Legacy v0.16 timeline record,Different local programs and outcomes.
DC-0541,ENT-0502,Legacy timeline claim (HT-0541),1853,1853,1853,1856,1856,1856,1853–1856 CE,Historical chronology,Historical chronology,Exact legacy coordinate,,Legacy v0.16 timeline record,Global imperial context later deepen.
DC-0542,ENT-0503,Legacy timeline claim (HT-0542),1820,1820,1820,1910,1910,1910,1820–1910 CE,Historical chronology,Historical chronology,Exact legacy coordinate,,Legacy v0.16 timeline record,Person record.
DC-0543,ENT-0504,Legacy timeline claim (HT-0543),1870,1870,1870,1914,1914,1914,c. 1870–1914 CE,Historical / technological chronology,Historical / technological chronology,Exact legacy coordinate,,Legacy v0.16 timeline record,Periodization conventional.
DC-0544,ENT-0505,Legacy timeline claim (HT-0544),1880,1880,1880,1914,1914,1914,major diffusion c. 1880–1914 CE,Technological chronology,Technological chronology,Exact legacy coordinate,SRC-0231,Legacy v0.16 timeline record,Multiple inventors and competing systems.
DC-0545,ENT-0506,Legacy timeline claim (HT-0545),1876,1876,1876,1914,1914,1914,from 1876; expanding networks by late 19th century,Technological chronology,Technological chronology,Exact legacy coordinate,,Legacy v0.16 timeline record,Bell patent milestone not sole invention story.
DC-0546,ENT-0507,Legacy timeline claim (HT-0546),1890,1890,1890,1890,1890,1890,29 December 1890,Historical chronology,Historical chronology,Exact legacy coordinate,,Legacy v0.16 timeline record,"Use massacre, not battle, in display."
DC-0547,ENT-0508,Legacy timeline claim (HT-0547),1830,1830,1830,1850,1850,1850,1830s–1840s major removal era,Historical chronology,Historical chronology,Exact legacy coordinate,SRC-0228,Legacy v0.16 timeline record,Multiple nations and removal routes.
DC-0548,ENT-0509,Legacy timeline claim (HT-0548),1845,1845,1845,1872,1872,1872,1845–1872 CE,Historical chronology,Historical chronology,Exact legacy coordinate,SRC-0229,Legacy v0.16 timeline record,Multiple wars and Māori alliances.
DC-0549,ENT-0510,Legacy timeline claim (HT-0549),1788,1788,1788,1900,1900,1900,late 18th–19th centuries CE broad,Historical chronology,Historical chronology,Exact legacy coordinate,,Legacy v0.16 timeline record,Regional chronologies differ substantially.
DC-0550,ENT-0511,Legacy timeline claim (HT-0550),1904,1904,1904,1905,1905,1905,1904–1905 CE,Historical chronology,Historical chronology,Exact legacy coordinate,,Legacy v0.16 timeline record,Bridge toward 20th-century global conflict.
DC-0551,ENT-0512,Legacy timeline claim (HT-0551),1911,1911,1911,1912,1912,1912,1911–1912 CE,Historical chronology,Historical chronology,Exact legacy coordinate,,Legacy v0.16 timeline record,Political fragmentation followed; not an immediate stable republic.
DC-0552,ENT-0513,Legacy timeline claim (HT-0552),1866,1866,1866,1925,1925,1925,1866–1925 CE,Historical chronology,Historical chronology,Exact legacy coordinate,,Legacy v0.16 timeline record,Person record.
DC-0553,ENT-0215,Legacy timeline claim (HT-0553),1914,1914,1914,1918,1918,1918,1914–1918 CE,Historical chronology,Historical chronology,Exact legacy coordinate,SRC-0232,Legacy v0.16 timeline record,Global theaters and colonial troops must remain visible.
DC-0554,ENT-0514,Legacy timeline claim (HT-0554),1914,1914,1914,1914,1914,1914,28 June 1914,Historical chronology,Historical chronology,Exact legacy coordinate,,Legacy v0.16 timeline record,"Trigger, not sole cause of war."
DC-0555,ENT-0216,Legacy timeline claim (HT-0555),1915,1915,1915,1917,1917,1917,major deportation and killing phase 1915–1917,Historical chronology,Historical chronology,Exact legacy coordinate,SRC-0233,Legacy v0.16 timeline record,Violence and aftermath extend beyond narrow date range.
DC-0556,ENT-0515,Legacy timeline claim (HT-0556),1917,1917,1917,1917,1917,1917,February and October 1917,Historical chronology,Historical chronology,Exact legacy coordinate,,Legacy v0.16 timeline record,Two major revolutions combined as backbone record.
DC-0557,ENT-0516,Legacy timeline claim (HT-0557),1917,1917,1917,1922,1922,1922,c. 1917–1922 CE,Historical chronology,Historical chronology,Exact legacy coordinate,,Legacy v0.16 timeline record,Multiple armies and regional conflicts.
DC-0558,ENT-0517,Legacy timeline claim (HT-0558),1922,1922,1922,1922,1922,1922,30 December 1922,Historical chronology,Historical chronology,Exact legacy coordinate,,Legacy v0.16 timeline record,State later expanded and changed boundaries.
DC-0559,ENT-0518,Legacy timeline claim (HT-0559),1918,1918,1918,1922,1922,1922,1918 defeat; sultanate abolished 1922,Historical chronology,Historical chronology,Exact legacy coordinate,,Legacy v0.16 timeline record,Postwar partition and Turkish War of Independence require separate detail.
DC-0560,ENT-0519,Legacy timeline claim (HT-0560),1923,1923,1923,1923,1923,1923,29 October 1923,Historical chronology,Historical chronology,Exact legacy coordinate,,Legacy v0.16 timeline record,Major post-Ottoman transition.
DC-0561,ENT-0520,Legacy timeline claim (HT-0561),1920,1920,1920,1946,1946,1946,1920–1946 CE,Historical chronology,Historical chronology,Exact legacy coordinate,,Legacy v0.16 timeline record,Predecessor context for United Nations.
DC-0562,ENT-0521,Legacy timeline claim (HT-0562),1918,1918,1918,1920,1920,1920,1918–1920 CE,Historical / epidemiological chronology,Historical / epidemiological chronology,Exact legacy coordinate,SRC-0234,Legacy v0.16 timeline record,Mortality estimates vary.
DC-0563,ENT-0522,Legacy timeline claim (HT-0563),1919,1919,1919,1947,1947,1947,c. 1919–1947 CE,Historical chronology,Historical chronology,Exact legacy coordinate,,Legacy v0.16 timeline record,Multiple movements and leaders; not reducible to one strategy.
DC-0564,ENT-0523,Legacy timeline claim (HT-0564),1869,1869,1869,1948,1948,1948,1869–1948 CE,Historical chronology,Historical chronology,Exact legacy coordinate,,Legacy v0.16 timeline record,Person record.
DC-0565,ENT-0524,Legacy timeline claim (HT-0565),1930,1930,1930,1930,1930,1930,March–April 1930,Historical chronology,Historical chronology,Exact legacy coordinate,,Legacy v0.16 timeline record,Campaign continued beyond march itself.
DC-0566,ENT-0525,Legacy timeline claim (HT-0566),1919,1919,1919,1921,1921,1921,from 1919; major early phase 1919–1921,Historical chronology,Historical chronology,Exact legacy coordinate,,Legacy v0.16 timeline record,Broader intellectual movement extends beyond dates.
DC-0567,ENT-0526,Legacy timeline claim (HT-0567),1921,1921,1921,1921,1921,1921,1921 CE,Historical chronology,Historical chronology,Exact legacy coordinate,,Legacy v0.16 timeline record,Founding congress chronology.
DC-0568,ENT-0527,Legacy timeline claim (HT-0568),1927,1927,1927,1945,1945,1945,1927–1937 and renewed context after 1945,Historical chronology,Historical chronology,Exact legacy coordinate,,Legacy v0.16 timeline record,Full civil war extends to 1949.
DC-0569,ENT-0528,Legacy timeline claim (HT-0569),1937,1937,1937,1945,1945,1945,1937–1945 CE,Historical chronology,Historical chronology,Exact legacy coordinate,,Legacy v0.16 timeline record,Conflict roots predate 1937.
DC-0570,ENT-0529,Legacy timeline claim (HT-0570),1937,1937,1937,1938,1938,1938,December 1937–January 1938,Historical chronology,Historical chronology,Exact legacy coordinate,,Legacy v0.16 timeline record,Victim estimates vary.
DC-0571,ENT-0221,Legacy timeline claim (HT-0571),1929,1929,1929,1939,1939,1939,1929–late 1930s,Economic chronology,Economic chronology,Exact legacy coordinate,SRC-0128,Legacy v0.16 timeline record,Timing and severity varied globally.
DC-0572,ENT-0530,Legacy timeline claim (HT-0572),1933,1933,1933,1939,1939,1939,major phase 1933–1939,Historical chronology,Historical chronology,Exact legacy coordinate,,Legacy v0.16 timeline record,Did not end all Depression-era hardship.
DC-0573,ENT-0531,Legacy timeline claim (HT-0573),1933,1933,1933,1945,1945,1945,1933–1945 CE,Historical chronology,Historical chronology,Exact legacy coordinate,,Legacy v0.16 timeline record,Political consolidation occurred rapidly after January 1933.
DC-0574,ENT-0532,Legacy timeline claim (HT-0574),1889,1889,1889,1945,1945,1945,1889–1945 CE; chancellor from 1933,Historical chronology,Historical chronology,Exact legacy coordinate,,Legacy v0.16 timeline record,Person record.
DC-0575,ENT-0223,Legacy timeline claim (HT-0575),1933,1933,1933,1945,1945,1945,persecution 1933–1945; systematic mass murder especially 1941–1945,Historical chronology,Historical chronology,Exact legacy coordinate,SRC-0235,Legacy v0.16 timeline record,Keep Jewish genocide central while separately representing other Nazi victim groups.
DC-0576,ENT-0533,Legacy timeline claim (HT-0576),1922,1922,1922,1943,1943,1943,1922–1943 CE,Historical chronology,Historical chronology,Exact legacy coordinate,,Legacy v0.16 timeline record,Italian Social Republic later separate if needed.
DC-0577,ENT-0534,Legacy timeline claim (HT-0577),1935,1935,1935,1936,1936,1936,1935–1936 CE,Historical chronology,Historical chronology,Exact legacy coordinate,,Legacy v0.16 timeline record,Ethiopian resistance continued during occupation.
DC-0578,ENT-0535,Legacy timeline claim (HT-0578),1936,1936,1936,1939,1939,1939,1936–1939 CE,Historical chronology,Historical chronology,Exact legacy coordinate,,Legacy v0.16 timeline record,Foreign intervention important.
DC-0579,ENT-0536,Legacy timeline claim (HT-0579),1937,1937,1937,1937,1937,1937,1937 CE,Art-historical chronology,Art-historical chronology,Exact legacy coordinate,,Legacy v0.16 timeline record,Artwork distinct from bombing event.
DC-0580,ENT-0537,Legacy timeline claim (HT-0580),1893,1893,1893,1945,1945,1945,major national enfranchisement wave c. 1893–1945,Historical chronology,Historical chronology,Exact legacy coordinate,,Legacy v0.16 timeline record,Requires country-level claims later.
DC-0581,ENT-0538,Legacy timeline claim (HT-0581),1920,1920,1920,1920,1920,1920,1920 CE,Historical chronology,Historical chronology,Exact legacy coordinate,,Legacy v0.16 timeline record,Legal milestone did not produce universal practical enfranchisement.
DC-0582,ENT-0222,Legacy timeline claim (HT-0582),1939,1939,1939,1945,1945,1945,1939–1945 CE,Historical chronology,Historical chronology,Exact legacy coordinate,SRC-0236,Legacy v0.16 timeline record,Asian war chronology begins before 1939.
DC-0583,ENT-0539,Legacy timeline claim (HT-0583),1941,1941,1941,1941,1941,1941,7 December 1941,Historical chronology,Historical chronology,Exact legacy coordinate,,Legacy v0.16 timeline record,Part of simultaneous Japanese offensives across Pacific and Southeast Asia.
DC-0584,ENT-0540,Legacy timeline claim (HT-0584),1942,1942,1942,1943,1943,1943,1942–1943 CE,Historical chronology,Historical chronology,Exact legacy coordinate,,Legacy v0.16 timeline record,Extremely high military and civilian losses.
DC-0585,ENT-0541,Legacy timeline claim (HT-0585),1944,1944,1944,1944,1944,1944,6 June 1944,Historical chronology,Historical chronology,Exact legacy coordinate,,Legacy v0.16 timeline record,Eastern Front remained larger land theater.
DC-0586,ENT-0542,Legacy timeline claim (HT-0586),1942,1942,1942,1945,1945,1945,1942–1945 CE,Historical chronology,Historical chronology,Exact legacy coordinate,,Legacy v0.16 timeline record,International scientific participation.
DC-0587,ENT-0224,Legacy timeline claim (HT-0587),1945,1945,1945,1945,1945,1945,6 and 9 August 1945,Historical chronology,Historical chronology,Exact legacy coordinate,,Legacy v0.16 timeline record,Casualty estimates vary; Japan announced surrender shortly afterward.
DC-0588,ENT-0225,Legacy timeline claim (HT-0588),1945,1945,1945,1945,1945,1945,24 October 1945,Historical chronology,Historical chronology,Exact legacy coordinate,SRC-0237,Legacy v0.16 timeline record,Institution continues beyond timeline point.
DC-0589,ENT-0543,Legacy timeline claim (HT-0589),1928,1928,1928,1945,1945,1945,discovered 1928; mass production during World War II,Scientific / medical chronology,Scientific / medical chronology,Exact legacy coordinate,SRC-0238,Legacy v0.16 timeline record,Explicit multi-person development.
DC-0590,ENT-0544,Legacy timeline claim (HT-0590),1921,1921,1921,1923,1923,1923,1921–1923 CE,Scientific / medical chronology,Scientific / medical chronology,Exact legacy coordinate,SRC-0239,Legacy v0.16 timeline record,Team contributions and patent history later deepen.
DC-0591,ENT-0545,Legacy timeline claim (HT-0591),1903,1903,1903,1939,1939,1939,1903–1939 CE early expansion,Technological chronology,Technological chronology,Exact legacy coordinate,SRC-0240,Legacy v0.16 timeline record,"Wright flight is milestone, not entire aviation history."
DC-0592,ENT-0546,Legacy timeline claim (HT-0592),1927,1927,1927,1927,1927,1927,20–21 May 1927,Historical / technological chronology,Historical / technological chronology,Exact legacy coordinate,,Legacy v0.16 timeline record,Not first transatlantic flight overall.
DC-0593,ENT-0547,Legacy timeline claim (HT-0593),1920,1920,1920,1945,1945,1945,major mass-broadcast era from 1920s,Technological / cultural chronology,Technological / cultural chronology,Exact legacy coordinate,,Legacy v0.16 timeline record,Regional adoption varied.
DC-0594,ENT-0548,Legacy timeline claim (HT-0594),1918,1918,1918,1935,1935,1935,c. 1918–mid-1930s,Cultural chronology,Cultural chronology,Exact legacy coordinate,SRC-0241,Legacy v0.16 timeline record,Movement extended beyond Harlem geographically.
DC-0595,ENT-0549,Legacy timeline claim (HT-0595),1916,1916,1916,1940,1940,1940,c. 1916–1940 CE,Historical / demographic chronology,Historical / demographic chronology,Exact legacy coordinate,SRC-0242,Legacy v0.16 timeline record,Second major wave continues after 1940.
DC-0596,ENT-0550,Legacy timeline claim (HT-0596),1910,1910,1910,1920,1920,1920,major armed phase 1910–1920 CE,Historical chronology,Historical chronology,Exact legacy coordinate,,Legacy v0.16 timeline record,Violence and political consolidation extend beyond 1920.
DC-0597,ENT-0551,Legacy timeline claim (HT-0597),1917,1917,1917,1917,1917,1917,5 February 1917,Historical / documentary chronology,Historical / documentary chronology,Exact legacy coordinate,,Legacy v0.16 timeline record,Implementation varied.
DC-0598,ENT-0552,Legacy timeline claim (HT-0598),1919,1919,1919,1945,1945,1945,major congress phase 1919–1945,Historical chronology,Historical chronology,Exact legacy coordinate,,Legacy v0.16 timeline record,Earlier Pan-African organizing predates 1919.
DC-0599,ENT-0553,Legacy timeline claim (HT-0599),1868,1868,1868,1963,1963,1963,1868–1963 CE,Historical chronology,Historical chronology,Exact legacy coordinate,,Legacy v0.16 timeline record,Person extends beyond 1945.
DC-0600,ENT-0554,Legacy timeline claim (HT-0600),1941,1941,1941,1941,1941,1941,August 1941,Historical chronology,Historical chronology,Exact legacy coordinate,SRC-0243,Legacy v0.16 timeline record,Not a binding promise of immediate decolonization.
