Entity ID,Legacy HT ID(s),Canonical Name,Display Name,Entity Type,Subtype,Culture / Tradition,Region ID,Significance Tier,Inclusion Rationale,Classification,External IDs,Notes
ENT-0001,HT-0001,Methuselah,Methuselah,Person,Person,Biblical / Genesis,REG-0016,Timeline,Legacy v0.16 inclusion; normalized from one or more historically significant timeline records.,Textual / religious chronology,,Absolute placement depends on selected biblical chronology; lifespan claim preserved independently.
ENT-0002,HT-0002,Traditional Trojan War date,Traditional Trojan War date,Event,Event,Greek tradition,REG-0013,Timeline,Legacy v0.16 inclusion; normalized from one or more historically significant timeline records.,Traditional chronology,,Met chronology explicitly labels this a traditional date.
ENT-0003,HT-0003,Cyrus captures Babylon,Cyrus captures Babylon,Event,Event,Achaemenid / Babylonian,REG-0160,Timeline,Legacy v0.16 inclusion; normalized from one or more historically significant timeline records.,Artifact / historical record,,Hard synchronization anchor.
ENT-0004,HT-0004; HT-0308,Cyrus Cylinder,Cyrus Cylinder,Artifact / Text / Inscription / artifact,Artifact / Text,Achaemenid / Babylonian | Achaemenid Persian,REG-0035,Master,Legacy v0.16 inclusion; normalized from one or more historically significant timeline records.,Artifact / inscription | Historical / inscription chronology,,Keep artifact date separate from later interpretations. | Do not simplistically label it the first human-rights charter.
ENT-0005,HT-0005,Atlantis war/destruction chronology in Plato,Atlantis war/destruction chronology in Plato,Traditional / literary event,Traditional / literary event,Greek / Platonic,REG-0026,Timeline,Legacy v0.16 inclusion; normalized from one or more historically significant timeline records.,Textual claim / legendary tradition,,Do not convert to a fixed BCE year until the reference chronology used for Solon is explicitly defined.
ENT-0006,HT-0006,Plato's Atlantis narrative,Plato's Atlantis narrative,Text / Tradition,Text / Tradition,Greek / Platonic,REG-0024,Timeline,Legacy v0.16 inclusion; normalized from one or more historically significant timeline records.,Literary / philosophical text,,Separate author/text date from the narrative's internal date.
ENT-0007,HT-0007,Achaemenid Dynasty,Achaemenid Dynasty,Civilization / Dynasty,Civilization / Dynasty,Persian,REG-0129,Timeline,Legacy v0.16 inclusion; normalized from one or more historically significant timeline records.,Historical chronology,,Broad dynasty bar.
ENT-0008,HT-0008,Indus Valley / Harappan civilization flourishes,Indus Valley / Harappan civilization flourishes,Civilization,Civilization,Indus / Harappan,REG-0204,Timeline,Legacy v0.16 inclusion; normalized from one or more historically significant timeline records.,Archaeological chronology,,Prominent civilization backbone.
ENT-0009,HT-0009,Vedic / Indo-Gangetic cultural period,Vedic / Indo-Gangetic cultural period,Cultural period / Textual tradition,Cultural period / Textual tradition,Vedic,REG-0204,Timeline,Legacy v0.16 inclusion; normalized from one or more historically significant timeline records.,Historical / literary chronology,,Composition of individual Vedas should receive separate text records.
ENT-0010,HT-0010,Neo-Assyrian Empire,Neo-Assyrian Empire,Empire,Empire,Assyrian,REG-0161,Timeline,Legacy v0.16 inclusion; normalized from one or more historically significant timeline records.,Historical chronology,,Backbone polity.
ENT-0011,HT-0011,Neo-Babylonian Empire,Neo-Babylonian Empire,Empire,Empire,Babylonian,REG-0160,Timeline,Legacy v0.16 inclusion; normalized from one or more historically significant timeline records.,Historical chronology,,Backbone polity.
ENT-0012,HT-0012,Seleucid rule in Mesopotamia,Seleucid rule in Mesopotamia,Empire / Dynasty,Empire / Dynasty,Hellenistic / Seleucid,REG-0160,Timeline,Legacy v0.16 inclusion; normalized from one or more historically significant timeline records.,Historical chronology,,Regional range; broader Seleucid chronology to be linked.
ENT-0013,HT-0013,Parthian rule in Mesopotamia,Parthian rule in Mesopotamia,Empire / Dynasty,Empire / Dynasty,Parthian / Arsacid,REG-0160,Timeline,Legacy v0.16 inclusion; normalized from one or more historically significant timeline records.,Historical chronology,,Backbone polity.
ENT-0014,HT-0014,Western Zhou dynasty,Western Zhou dynasty,Dynasty,Dynasty,Chinese,REG-0066,Timeline,Legacy v0.16 inclusion; normalized from one or more historically significant timeline records.,Historical chronology,,Backbone dynasty.
ENT-0015,HT-0015,Eastern Zhou dynasty,Eastern Zhou dynasty,Dynasty,Dynasty,Chinese,REG-0066,Timeline,Legacy v0.16 inclusion; normalized from one or more historically significant timeline records.,Historical chronology,,Backbone dynasty.
ENT-0016,HT-0016,Spring and Autumn period,Spring and Autumn period,Historical period,Historical period,Chinese,REG-0066,Timeline,Legacy v0.16 inclusion; normalized from one or more historically significant timeline records.,Historical chronology,,Major political/intellectual period.
ENT-0017,HT-0017,Warring States period,Warring States period,Historical period,Historical period,Chinese,REG-0066,Timeline,Legacy v0.16 inclusion; normalized from one or more historically significant timeline records.,Historical chronology,,Major political/intellectual period.
ENT-0018,HT-0018,Qin dynasty,Qin dynasty,Dynasty,Dynasty,Chinese,REG-0066,Timeline,Legacy v0.16 inclusion; normalized from one or more historically significant timeline records.,Historical chronology,,Backbone dynasty.
ENT-0019,HT-0019,Western Han dynasty,Western Han dynasty,Dynasty,Dynasty,Chinese,REG-0066,Timeline,Legacy v0.16 inclusion; normalized from one or more historically significant timeline records.,Historical chronology,,Backbone dynasty.
ENT-0020,HT-0020,Egyptian Predynastic Period,Egyptian Predynastic Period,Historical / archaeological period,Historical / archaeological period,Ancient Egyptian,REG-0086,Timeline,Legacy v0.16 inclusion; normalized from one or more historically significant timeline records.,Archaeological chronology,,Deep civilization backbone.
ENT-0021,HT-0021,Egyptian Early Dynastic Period,Egyptian Early Dynastic Period,Historical period,Historical period,Ancient Egyptian,REG-0086,Timeline,Legacy v0.16 inclusion; normalized from one or more historically significant timeline records.,Historical / archaeological chronology,,Backbone period.
ENT-0022,HT-0022,Egyptian Old Kingdom,Egyptian Old Kingdom,Historical period,Historical period,Ancient Egyptian,REG-0086,Timeline,Legacy v0.16 inclusion; normalized from one or more historically significant timeline records.,Historical chronology,,Major monuments get separate records.
ENT-0023,HT-0023,Egyptian Middle Kingdom,Egyptian Middle Kingdom,Historical period,Historical period,Ancient Egyptian,REG-0086,Timeline,Legacy v0.16 inclusion; normalized from one or more historically significant timeline records.,Historical chronology,,Backbone period.
ENT-0024,HT-0024,A-Group culture,A-Group culture,Archaeological culture,Archaeological culture,Nubian,REG-0149,Timeline,Legacy v0.16 inclusion; normalized from one or more historically significant timeline records.,Archaeological chronology,,African lane backbone.
ENT-0025,HT-0025,Archaic cultures of Mesoamerica,Archaic cultures of Mesoamerica,Archaeological period,Archaeological period,Mesoamerican,REG-0159,Timeline,Legacy v0.16 inclusion; normalized from one or more historically significant timeline records.,Archaeological chronology,,Broad pre-civilization context; later split into major milestones.
ENT-0026,HT-0026,Early maize evidence in Tehuacán Valley,Early maize evidence in Tehuacán Valley,Technology / Agriculture milestone,Technology / Agriculture milestone,Mesoamerican,REG-0064,Timeline,Legacy v0.16 inclusion; normalized from one or more historically significant timeline records.,Archaeological chronology,,Prominent domestication milestone.
ENT-0027,HT-0027,Kushan Empire,Kushan Empire,Empire,Empire,Kushan,REG-0059,Timeline,Legacy v0.16 inclusion; normalized from one or more historically significant timeline records.,Historical chronology,,Keep date range broad pending ruler-level reconciliation.
ENT-0028,HT-0028,Satavahana and Ikshvaku dynasties,Satavahana and Ikshvaku dynasties,Dynastic period,Dynastic period,South Asian,REG-0072,Timeline,Legacy v0.16 inclusion; normalized from one or more historically significant timeline records.,Historical chronology,,May later split dynasties.
ENT-0029,HT-0029,Anuradhapura period,Anuradhapura period,Historical period,Historical period,Sri Lankan,REG-0216,Timeline,Legacy v0.16 inclusion; normalized from one or more historically significant timeline records.,Historical chronology,,Backbone regional period.
ENT-0030,HT-0030,Mauryan Empire,Mauryan Empire,Empire,Empire,Mauryan,REG-0204,Timeline,Legacy v0.16 inclusion; normalized from one or more historically significant timeline records.,Historical chronology,,Rulers such as Ashoka to be separate records.
ENT-0031,HT-0031,Neanderthals,Neanderthals,Hominin species,Hominin species,Paleoanthropology,REG-0103,Timeline,Legacy v0.16 inclusion; normalized from one or more historically significant timeline records.,Scientific estimate,,"Species-level milestone, not individual fossil catalog."
ENT-0032,HT-0032,Homo sapiens expansion into Neanderthal territories at Grotte Mandrin,Homo sapiens expansion into Neanderthal territories at Grotte Mandrin,Migration / archaeological event,Migration / archaeological event,Paleoanthropology,REG-0108,Timeline,Legacy v0.16 inclusion; normalized from one or more historically significant timeline records.,Scientific / archaeological estimate,,Prominent migration/contact evidence; date range is approximate.
ENT-0033,HT-0033,Phoenician city-states,Phoenician city-states,Polity / cultural network,Polity / cultural network,Phoenician,REG-0080,Timeline,Legacy v0.16 inclusion; normalized from one or more historically significant timeline records.,Historical chronology,,Earlier Phoenician development needs separate research.
ENT-0034,HT-0034; HT-0337,Enoch,Enoch,Traditional / religious figure,Traditional / religious figure,Biblical / Enochic,REG-0016,Timeline,Legacy v0.16 inclusion; normalized from one or more historically significant timeline records.,Traditional / religious chronology | Traditional / scriptural chronology,,Qualifies under corpus-significance exception even where independent historicity is disputed. | No manuscript-era lifespan substitution.
ENT-0035,HT-0035,Book of Enoch / 1 Enoch,Book of Enoch / 1 Enoch,Text / textual tradition,Text / textual tradition,Jewish / Enochic,REG-0143,Timeline,Legacy v0.16 inclusion; normalized from one or more historically significant timeline records.,Textual / pseudepigraphal tradition,,Do not equate attributed figure with physical manuscript author/copyist.
ENT-0036,HT-0036,4Q201 — 4Q Enochᵃ,4Q201 — 4Q Enochᵃ,Manuscript,Manuscript,Jewish / Enochic,REG-0194,Timeline,Legacy v0.16 inclusion; normalized from one or more historically significant timeline records.,Manuscript / physical witness,,Exact numeric dating to be attached as a separate sourced date claim rather than inferred from the composition.
ENT-0037,HT-0037,4Q530 — Book of Giants,4Q530 — Book of Giants,Manuscript / Text,Manuscript / Text,Jewish / Enochic,REG-0194,Timeline,Legacy v0.16 inclusion; normalized from one or more historically significant timeline records.,Manuscript / physical witness,,Prominent Enochic/DSS record; retain manuscript period without inventing a narrower year range.
ENT-0038,HT-0038,Community Rule,Community Rule,Text / manuscript tradition,Text / manuscript tradition,Qumran / Second Temple Jewish,REG-0193,Timeline,Legacy v0.16 inclusion; normalized from one or more historically significant timeline records.,Manuscript / sectarian text,,Major DSS corpus item; community identification should not be collapsed into a single uncontested Essene claim.
ENT-0039,HT-0039,Damascus Document,Damascus Document,Text / manuscript tradition,Text / manuscript tradition,Second Temple Jewish / Qumran-related,REG-0141,Timeline,Legacy v0.16 inclusion; normalized from one or more historically significant timeline records.,Textual / manuscript tradition,,Important example of a textual tradition surviving in physically separated manuscript contexts.
ENT-0040,HT-0040,Gilgamesh,Gilgamesh,Traditional / possibly historical figure,Traditional / possibly historical figure,Sumerian / Mesopotamian,REG-0226,Timeline,Legacy v0.16 inclusion; normalized from one or more historically significant timeline records.,Traditional / possible historical chronology,,Use broad range provisionally; preserve distinction between figure and later epic.
ENT-0041,HT-0041,Epic of Gilgamesh — literary formation,Epic of Gilgamesh — literary formation,Text / literary tradition,Text / literary tradition,Mesopotamian,REG-0160,Timeline,Legacy v0.16 inclusion; normalized from one or more historically significant timeline records.,Literary / manuscript history,,Broad literary-development range; individual witnesses remain separate records.
ENT-0042,HT-0042,Epic of Gilgamesh Tablet VI — K.231,Epic of Gilgamesh Tablet VI — K.231,Manuscript / artifact,Manuscript / artifact,Neo-Assyrian,REG-0173,Timeline,Legacy v0.16 inclusion; normalized from one or more historically significant timeline records.,Artifact / manuscript,,Prominent physical witness; BM links CDLI ID P273202.
ENT-0043,HT-0043,Gilgamesh Flood Tablet / Tablet XI,Gilgamesh Flood Tablet / Tablet XI,Manuscript / artifact,Manuscript / artifact,Neo-Assyrian,REG-0173,Timeline,Legacy v0.16 inclusion; normalized from one or more historically significant timeline records.,Artifact / manuscript,,High comparative-religion and literary significance.
ENT-0044,HT-0044,Socrates condemned and dies,Socrates condemned and dies,Person / event,Person / event,Greek,REG-0023,Timeline,Legacy v0.16 inclusion; normalized from one or more historically significant timeline records.,Historical chronology,,Prominent philosophical synchronization anchor.
ENT-0045,HT-0045; HT-0322,Plato,Plato,Person / Philosopher / author,Person,Greek,REG-0023,Master,Legacy v0.16 inclusion; normalized from one or more historically significant timeline records.,Historical / approximate chronology | Historical chronology,,"Keep Plato's lifespan, composition dates, and internal Atlantis chronology separate. | Existing Atlantis text record links here."
ENT-0046,HT-0046,Plato founds the Academy,Plato founds the Academy,Institution / event,Institution / event,Greek,REG-0023,Timeline,Legacy v0.16 inclusion; normalized from one or more historically significant timeline records.,Historical chronology,,Range encodes decade-level dating only.
ENT-0047,HT-0047,Aristotle founds the Lyceum,Aristotle founds the Lyceum,Person / institution event,Person / institution event,Greek,REG-0023,Timeline,Legacy v0.16 inclusion; normalized from one or more historically significant timeline records.,Historical chronology,,Aristotle lifespan to be added as a separate person record in later pass.
ENT-0048,HT-0048,Death of Alexander the Great,Death of Alexander the Great,Person / event,Person / event,Macedonian / Hellenistic,REG-0035,Timeline,Legacy v0.16 inclusion; normalized from one or more historically significant timeline records.,Historical chronology,,Hard synchronization anchor; full lifespan/conquests to be expanded separately.
ENT-0049,HT-0049,Codex Sinaiticus,Codex Sinaiticus,Manuscript / codex,Manuscript / codex,Early Christian,REG-0082,Timeline,Legacy v0.16 inclusion; normalized from one or more historically significant timeline records.,Manuscript / palaeographic chronology,,Physical codex date; not a composition date for the works it contains.
ENT-0050,HT-0050,Epistle of Barnabas in Codex Sinaiticus,Epistle of Barnabas in Codex Sinaiticus,Text / manuscript witness,Text / manuscript witness,Early Christian,REG-0069,Timeline,Legacy v0.16 inclusion; normalized from one or more historically significant timeline records.,Manuscript witness,,Presence in this codex is historically important and does not by itself establish universal canonical status.
ENT-0051,HT-0051,Shepherd of Hermas in Codex Sinaiticus,Shepherd of Hermas in Codex Sinaiticus,Text / manuscript witness,Text / manuscript witness,Early Christian,REG-0069,Timeline,Legacy v0.16 inclusion; normalized from one or more historically significant timeline records.,Manuscript witness,,Track work composition separately from this surviving manuscript witness.
ENT-0052,HT-0052; HT-0311,Confucius,Confucius,Person / Philosopher / teacher,Person,Ru / Confucian tradition | Chinese / Confucian,REG-0066,Master,Legacy v0.16 inclusion; normalized from one or more historically significant timeline records.,Traditional biographical / historical chronology | Historical / traditional chronology,,Retain traditional dates while noting later-source biographical uncertainty. | Separate historical figure from later textual compilation.
ENT-0053,HT-0053,Analects (Lunyu),Analects (Lunyu),Text / textual tradition,Text / textual tradition,Confucian,REG-0066,Timeline,Legacy v0.16 inclusion; normalized from one or more historically significant timeline records.,Textual / composite tradition,,Composition range is intentionally broad; individual textual strata may later receive separate claims.
ENT-0054,HT-0054,Daodejing,Daodejing,Text / textual tradition,Text / textual tradition,Daoist,REG-0066,Timeline,Legacy v0.16 inclusion; normalized from one or more historically significant timeline records.,Textual chronology,,Text date kept separate from traditional Laozi biography.
ENT-0055,HT-0055,Laozi,Laozi,Traditional / philosophical figure,Traditional / philosophical figure,Daoist,REG-0066,Timeline,Legacy v0.16 inclusion; normalized from one or more historically significant timeline records.,Traditional / biographical tradition,,Do not force a numeric lifespan where sources/traditions are too uncertain; text chronology is separately plotted.
ENT-0056,HT-0056; HT-0057; HT-0315,Siddhartha Gautama (Buddha),Siddhartha Gautama (Buddha),Traditional / religious figure | Person / religious founder | Religious / historical-traditional figure,Traditional / religious figure | Person / religious founder | Religious / historical-traditional figure,Buddhist,REG-0204,Timeline,Legacy v0.16 inclusion; normalized from one or more historically significant timeline records.,Traditional religious chronology | Historical / scholarly estimate | Traditional / historical chronology,,Alternative chronology record; do not overwrite with scholarly estimate. | Birth year left unset rather than fabricated; this is a competing date claim. | Later DateClaims should carry traditional and revised scholarly chronologies separately.
ENT-0058,HT-0058; HT-0317,Mahavira,Mahavira,Traditional / religious figure / Religious / historical-traditional figure,Traditional / religious figure,Jain,REG-0204,Master,Legacy v0.16 inclusion; normalized from one or more historically significant timeline records.,Traditional / historical religious chronology | Traditional / historical chronology,,Do not assign disputed lifespan until specific competing Jain/scholarly chronologies are sourced separately. | Competing chronologies later separate.
ENT-0059,HT-0059,Bimbisara,Bimbisara,Ruler,Ruler,Magadha,REG-0204,Timeline,Legacy v0.16 inclusion; normalized from one or more historically significant timeline records.,Historical chronology,,Important contemporary context for early Buddhist/Jain period.
ENT-0060,HT-0060,Ajatashatru,Ajatashatru,Ruler,Ruler,Magadha,REG-0204,Timeline,Legacy v0.16 inclusion; normalized from one or more historically significant timeline records.,Historical chronology,,Important contemporary context for early Buddhist/Jain period.
ENT-0061,HT-0061; HT-0319,Ashoka,Ashoka,Ruler,Ruler,Mauryan / Buddhist patronage | Mauryan,REG-0204,Master,Legacy v0.16 inclusion; normalized from one or more historically significant timeline records.,Historical chronology,,Some sources use c. 272 rather than c. 273 for accession; retain source-specific date claims if needed. | Reign dates approximate.
ENT-0062,HT-0062,Ashokan monumental edicts,Ashokan monumental edicts,Inscription / artifact corpus,Inscription / artifact corpus,Mauryan / Buddhist,REG-0204,Timeline,Legacy v0.16 inclusion; normalized from one or more historically significant timeline records.,Artifact / inscription chronology,,Corpus-level artifact entry; individual major edicts/pillars may qualify separately.
ENT-0063,HT-0063,Mahabharata — oral epic formation,Mahabharata — oral epic formation,Text / oral tradition,Text / oral tradition,Sanskrit / Hindu,REG-0204,Timeline,Legacy v0.16 inclusion; normalized from one or more historically significant timeline records.,Oral / literary chronology,,Do not equate this milestone with the traditional internal chronology of epic events; those require separate records.
ENT-0064,HT-0064,Ramayana — oral epic formation,Ramayana — oral epic formation,Text / oral tradition,Text / oral tradition,Sanskrit / Hindu,REG-0204,Timeline,Legacy v0.16 inclusion; normalized from one or more historically significant timeline records.,Oral / literary chronology,,Traditional internal event chronology to be represented separately when sourced.
ENT-0065,HT-0065; HT-0066,Zarathustra (Zoroaster),Zarathustra (Zoroaster),Person / religious founder | Alternative chronology,Person / religious founder | Alternative chronology,Zoroastrian | Zoroastrian / later traditions,REG-0079,Timeline,Legacy v0.16 inclusion; normalized from one or more historically significant timeline records.,Disputed scholarly chronology | Traditional / disputed chronology,,Explicitly preserve controversy rather than selecting a false exact date. | Future DateClaims model should store each major chronology independently.
ENT-0067,HT-0067; HT-0342,Qin Shi Huang (Ying Zheng),Qin Shi Huang (Ying Zheng),Ruler,Ruler,Qin,REG-0066,Timeline,Legacy v0.16 inclusion; normalized from one or more historically significant timeline records.,Historical chronology,,One of the strongest cross-civilization synchronization figures of the late 3rd century BCE. | Met page contains a date typo in one rendered bullet; use established Qin 221–206 BCE chronology.
ENT-0068,HT-0068; HT-0343,Terracotta Army,Terracotta Army,Artifact / archaeological complex | Archaeological / funerary complex,Artifact / archaeological complex | Archaeological / funerary complex,Qin,REG-0066,Timeline,Legacy v0.16 inclusion; normalized from one or more historically significant timeline records.,Archaeological / funerary chronology | Archaeological chronology,,Landmark artifact complex; no need to catalog individual warrior statues. | Artifact complex rather than individual statue records.
ENT-0069,HT-0069; HT-0345,Sima Qian,Sima Qian,Person / historian / Historian / author,Person / historian,Han | Han Chinese,REG-0066,Master,Legacy v0.16 inclusion; normalized from one or more historically significant timeline records.,Historical / approximate chronology | Historical chronology,,High-value author/chronographer for cross-cultural timeline. | Death date approximate.
ENT-0070,HT-0070; HT-0346,Shiji (Records of the Grand Historian),Shiji (Records of the Grand Historian),Text / history / Historical text,Text / history,Han | Han Chinese,REG-0066,Master,Legacy v0.16 inclusion; normalized from one or more historically significant timeline records.,Textual / historical chronology | Textual chronology,,Composition range approximate within Sima Qian's career. | Textual composition range approximate.
ENT-0071,HT-0071; HT-0328,Augustus,Augustus,Ruler,Ruler,Roman,REG-0157,Master,Legacy v0.16 inclusion; normalized from one or more historically significant timeline records.,Historical chronology,,Reign record; lifespan can be added separately if useful. | Lifespan plus imperial transition.
ENT-0072,HT-0072,Tiberius,Tiberius,Ruler,Ruler,Roman,REG-0157,Timeline,Legacy v0.16 inclusion; normalized from one or more historically significant timeline records.,Historical chronology,,Critical synchronization ruler for New Testament chronology.
ENT-0073,HT-0073; HT-0338,Jesus of Nazareth,Jesus of Nazareth,Religious / historical figure,Religious / historical figure,Jewish / Christian,REG-0142,Timeline,Legacy v0.16 inclusion; normalized from one or more historically significant timeline records.,Historical / textual / disputed chronology | Historical / religious chronology,,Broad display range deliberately encompasses major proposals; later DateClaims should split birth/death alternatives precisely. | Use date range/claims rather than false precision.
ENT-0074,HT-0074; HT-0309,Second Temple period,Second Temple period,Historical / religious period / Religious-historical period,Historical / religious period,Jewish,REG-0140,Master,Legacy v0.16 inclusion; normalized from one or more historically significant timeline records.,Historical chronology | Historical / religious chronology,,Provides context for DSS and early Christianity. | Broad period; subperiods represented separately.
ENT-0075,HT-0075; HT-0341,Destruction of the Second Temple,Destruction of the Second Temple,Event | War / destruction / religious transition,Event | War / destruction / religious transition,Roman / Jewish,REG-0139,Timeline,Legacy v0.16 inclusion; normalized from one or more historically significant timeline records.,Historical chronology,,Hard synchronization anchor. | Major Jewish/Roman synchronization anchor.
ENT-0076,HT-0076,Buddhism begins making major inroads into China,Buddhism begins making major inroads into China,Religious diffusion event,Religious diffusion event,Buddhist / Han,REG-0066,Timeline,Legacy v0.16 inclusion; normalized from one or more historically significant timeline records.,Historical / cultural chronology,,Important diffusion relationship connecting South/Central/East Asia.
ENT-0077,HT-0077,An Shigao active at Luoyang,An Shigao active at Luoyang,Person / translation event,Person / translation event,Buddhist / Parthian / Han,REG-0150,Timeline,Legacy v0.16 inclusion; normalized from one or more historically significant timeline records.,Historical / textual chronology,,End year approximate placeholder for activity span; refine from specialist source before final rendering.
ENT-0078,HT-0078,Septuagint translation tradition,Septuagint translation tradition,Text / translation tradition,Text / translation tradition,Jewish / Hellenistic,REG-0081,Timeline,Legacy v0.16 inclusion; normalized from one or more historically significant timeline records.,Textual / translation chronology,,Major canon/textual-history record; individual books and translation phases can later be split.
ENT-0079,HT-0079,War Rule,War Rule,Text / manuscript tradition,Text / manuscript tradition,Qumran / Second Temple Jewish,REG-0193,Timeline,Legacy v0.16 inclusion; normalized from one or more historically significant timeline records.,Manuscript / sectarian-apocalyptic text,,Prominent DSS work under corpus-significance rule.
ENT-0080,HT-0080,Pesher Habakkuk,Pesher Habakkuk,Text / manuscript tradition,Text / manuscript tradition,Qumran / Second Temple Jewish,REG-0193,Timeline,Legacy v0.16 inclusion; normalized from one or more historically significant timeline records.,Manuscript / commentary,,Teacher of Righteousness/Wicked Priest relationship layer to be added after specialist-source reconciliation.
ENT-0081,HT-0081,Genesis Apocryphon,Genesis Apocryphon,Text / manuscript tradition,Text / manuscript tradition,Qumran / Second Temple Jewish,REG-0193,Timeline,Legacy v0.16 inclusion; normalized from one or more historically significant timeline records.,Manuscript / rewritten biblical narrative,,Major DSS work; physical manuscript dating to be added from IAA catalog.
ENT-0082,HT-0082,Olmec cultural florescence,Olmec cultural florescence,Civilization / cultural tradition,Civilization / cultural tradition,Olmec,REG-0117,Timeline,Legacy v0.16 inclusion; normalized from one or more historically significant timeline records.,Archaeological chronology,,Civilization-level record; do not reduce Olmec history to individual colossal heads.
ENT-0083,HT-0083,Chavín cultural horizon,Chavín cultural horizon,Civilization / cultural tradition,Civilization / cultural tradition,Chavín,REG-0062,Timeline,Legacy v0.16 inclusion; normalized from one or more historically significant timeline records.,Archaeological chronology,,Major Andean synchronization layer.
ENT-0084,HT-0084,Maya Lowland Preclassic cultures,Maya Lowland Preclassic cultures,Civilization / cultural period,Civilization / cultural period,Maya,REG-0154,Timeline,Legacy v0.16 inclusion; normalized from one or more historically significant timeline records.,Archaeological chronology,,Broad cultural period; major sites/rulers later receive separate records.
ENT-0085,HT-0085,Maya Long Count mythic epoch,Maya Long Count mythic epoch,Traditional / calendrical date,Traditional / calendrical date,Maya,REG-0159,Timeline,Legacy v0.16 inclusion; normalized from one or more historically significant timeline records.,Traditional / calendrical chronology,,"Calendar epoch, not a claim that Maya civilization itself began in 3114 BCE."
ENT-0086,HT-0086,Monte Albán cultural center,Monte Albán cultural center,City / cultural center,City / cultural center,Zapotec / Oaxaca,REG-0187,Timeline,Legacy v0.16 inclusion; normalized from one or more historically significant timeline records.,Archaeological chronology,,"End year is a provisional display horizon, not site abandonment date; refine in site-specific pass."
ENT-0087,HT-0087,Teotihuacan cultural rise,Teotihuacan cultural rise,City / civilization,City / civilization,Teotihuacan,REG-0064,Timeline,Legacy v0.16 inclusion; normalized from one or more historically significant timeline records.,Archaeological chronology,,Broad display range pending site-specific chronology source.
ENT-0088,HT-0088,Paracas cultures,Paracas cultures,Archaeological culture,Archaeological culture,Paracas / Andean,REG-0190,Timeline,Legacy v0.16 inclusion; normalized from one or more historically significant timeline records.,Archaeological chronology,,Andean backbone.
ENT-0089,HT-0089,Nazca cultures,Nazca cultures,Archaeological culture,Archaeological culture,Nazca / Andean,REG-0190,Timeline,Legacy v0.16 inclusion; normalized from one or more historically significant timeline records.,Archaeological chronology,,Nazca geoglyphs should later receive a distinct landmark record.
ENT-0090,HT-0090,Moche cultures,Moche cultures,Civilization / cultural tradition,Civilization / cultural tradition,Moche / Andean,REG-0181,Timeline,Legacy v0.16 inclusion; normalized from one or more historically significant timeline records.,Archaeological chronology,,Andean backbone.
ENT-0091,HT-0091,Tiwanaku cultural horizon,Tiwanaku cultural horizon,Civilization / cultural tradition,Civilization / cultural tradition,Tiwanaku,REG-0212,Timeline,Legacy v0.16 inclusion; normalized from one or more historically significant timeline records.,Archaeological chronology,,Backbone for later first millennium and early second millennium.
ENT-0092,HT-0092,Wari cultural horizon,Wari cultural horizon,Civilization / cultural tradition,Civilization / cultural tradition,Wari,REG-0017,Timeline,Legacy v0.16 inclusion; normalized from one or more historically significant timeline records.,Archaeological chronology,,Important simultaneity pair with Tiwanaku.
ENT-0093,HT-0093,Early Inca cultures,Early Inca cultures,Cultural / polity formation,Cultural / polity formation,Inca,REG-0017,Timeline,Legacy v0.16 inclusion; normalized from one or more historically significant timeline records.,Archaeological / historical chronology,,Later imperial Inca record to be added separately.
ENT-0094,HT-0094,Adena cultures,Adena cultures,Archaeological culture,Archaeological culture,Adena / Eastern Woodlands,REG-0085,Timeline,Legacy v0.16 inclusion; normalized from one or more historically significant timeline records.,Archaeological chronology,,North American backbone; not a single centralized polity.
ENT-0095,HT-0095,Hopewell cultures,Hopewell cultures,Archaeological cultural network,Archaeological cultural network,Hopewell / Eastern Woodlands,REG-0085,Timeline,Legacy v0.16 inclusion; normalized from one or more historically significant timeline records.,Archaeological chronology,,Avoid treating Hopewell as one ethnic group or empire.
ENT-0096,HT-0096,Hohokam cultures,Hohokam cultures,Archaeological culture,Archaeological culture,Hohokam,REG-0176,Timeline,Legacy v0.16 inclusion; normalized from one or more historically significant timeline records.,Archaeological chronology,,Broad culture record.
ENT-0097,HT-0097,Puebloan cultural period,Puebloan cultural period,Archaeological cultural tradition,Archaeological cultural tradition,Ancestral Puebloan,REG-0176,Timeline,Legacy v0.16 inclusion; normalized from one or more historically significant timeline records.,Archaeological chronology,,Use culturally respectful terminology; specific modern descendant communities should not be collapsed into one identity.
ENT-0098,HT-0098,Great houses begin at Chaco Canyon,Great houses begin at Chaco Canyon,Architecture / settlement milestone,Architecture / settlement milestone,Ancestral Puebloan,REG-0065,Timeline,Legacy v0.16 inclusion; normalized from one or more historically significant timeline records.,Archaeological chronology,,High-value North American architectural synchronization anchor.
ENT-0099,HT-0099,Mississippian cultures,Mississippian cultures,Archaeological cultural tradition,Archaeological cultural tradition,Mississippian,REG-0085,Timeline,Legacy v0.16 inclusion; normalized from one or more historically significant timeline records.,Archaeological chronology,,Later Cahokia deserves separate feature-level record.
ENT-0100,HT-0100,Austronesian expansion through island Southeast Asia,Austronesian expansion through island Southeast Asia,Migration / linguistic-cultural expansion,Migration / linguistic-cultural expansion,Austronesian,REG-0133,Timeline,Legacy v0.16 inclusion; normalized from one or more historically significant timeline records.,Archaeological / linguistic-cultural chronology,,Broad migration layer; individual island settlement dates remain separate.
ENT-0101,HT-0101,Lapita peoples and expansion,Lapita peoples and expansion,Archaeological culture / migration,Archaeological culture / migration,Lapita,REG-0132,Timeline,Legacy v0.16 inclusion; normalized from one or more historically significant timeline records.,Archaeological chronology,,Major Pacific migration/culture anchor.
ENT-0102,HT-0102,"Lapita reach Fiji, Tonga and Samoa","Lapita reach Fiji, Tonga and Samoa",Migration / settlement milestone,Migration / settlement milestone,Lapita / Austronesian,REG-0242,Timeline,Legacy v0.16 inclusion; normalized from one or more historically significant timeline records.,Archaeological chronology,,Strong synchronization milestone with Late Bronze/Iron Age transitions elsewhere.
ENT-0103,HT-0103,Early settlement of Australia and New Guinea,Early settlement of Australia and New Guinea,Human migration / settlement,Human migration / settlement,Pleistocene peoples,REG-0199,Timeline,Legacy v0.16 inclusion; normalized from one or more historically significant timeline records.,Archaeological / scientific estimate,,Broad range reflects source wording; specialist archaeology pass can refine competing estimates.
ENT-0104,HT-0104,New Guinea early agriculture,New Guinea early agriculture,Agriculture milestone,Agriculture milestone,Highland New Guinea,REG-0168,Timeline,Legacy v0.16 inclusion; normalized from one or more historically significant timeline records.,Archaeological chronology,,Major independent/early agricultural-development anchor.
ENT-0105,HT-0105,Nok terracotta tradition,Nok terracotta tradition,Archaeological culture / art tradition,Archaeological culture / art tradition,Nok,REG-0172,Timeline,Legacy v0.16 inclusion; normalized from one or more historically significant timeline records.,Archaeological chronology,,Do not assert speculative direct continuity with later Ife portraiture.
ENT-0106,HT-0106,Nok ironworking context,Nok ironworking context,Technology / archaeological culture,Technology / archaeological culture,Nok / West African Iron Age,REG-0172,Timeline,Legacy v0.16 inclusion; normalized from one or more historically significant timeline records.,Archaeological chronology,,Keep technology claim at cautious regional/cultural level.
ENT-0107,HT-0107,Kingdom of Kush,Kingdom of Kush,Kingdom / civilization,Kingdom / civilization,Kushite / Nubian,REG-0186,Timeline,Legacy v0.16 inclusion; normalized from one or more historically significant timeline records.,Historical / archaeological chronology,,Major African synchronization backbone.
ENT-0108,HT-0108,Meroitic phase of Kush,Meroitic phase of Kush,Historical / cultural period,Historical / cultural period,Kushite / Meroitic,REG-0186,Timeline,Legacy v0.16 inclusion; normalized from one or more historically significant timeline records.,Historical / archaeological chronology,,Broad provisional phase; specialist Nubian source needed for finer date claims.
ENT-0109,HT-0109,Aksumite civilization,Aksumite civilization,Kingdom / civilization,Kingdom / civilization,Aksumite,REG-0093,Timeline,Legacy v0.16 inclusion; normalized from one or more historically significant timeline records.,Historical / archaeological chronology,,Major African/Red Sea/Indian Ocean synchronization backbone.
ENT-0110,HT-0110,Christianization of Aksumite royal elite,Christianization of Aksumite royal elite,Religious / political transition,Religious / political transition,Aksumite Christian,REG-0093,Timeline,Legacy v0.16 inclusion; normalized from one or more historically significant timeline records.,Historical chronology,,Refine with Ezana-specific inscriptions/coinage in later pass.
ENT-0111,HT-0111,Jenne-jeno occupation and urban development,Jenne-jeno occupation and urban development,City / archaeological site,City / archaeological site,Middle Niger,REG-0153,Timeline,Legacy v0.16 inclusion; normalized from one or more historically significant timeline records.,Archaeological chronology,,Met describes it as the oldest known city of sub-Saharan Africa.
ENT-0112,HT-0112,Ghana Empire,Ghana Empire,Empire / commercial polity,Empire / commercial polity,Soninke / Ghana,REG-0243,Timeline,Legacy v0.16 inclusion; normalized from one or more historically significant timeline records.,Historical / approximate chronology,,Question mark on early date preserved from source.
ENT-0113,HT-0113,Swahili Coast culture,Swahili Coast culture,Cultural / commercial network,Cultural / commercial network,Swahili,REG-0075,Timeline,Legacy v0.16 inclusion; normalized from one or more historically significant timeline records.,Historical / archaeological chronology,,"Later pass should separate early Swahili towns, Islamization and major city-states."
ENT-0114,HT-0114,Byzantine Empire,Byzantine Empire,Empire / civilization,Empire / civilization,Byzantine / Eastern Roman,REG-0080,Timeline,Legacy v0.16 inclusion; normalized from one or more historically significant timeline records.,Historical chronology,,Long-duration backbone; individual dynasties/events separately qualify.
ENT-0115,HT-0115; HT-0353,Justinian I,Justinian I,Ruler,Ruler,Byzantine | Byzantine / Eastern Roman,REG-0080,Master,Legacy v0.16 inclusion; normalized from one or more historically significant timeline records.,Historical chronology,,Reign rather than lifespan. | High-value Sasanian/Byzantine contemporary.
ENT-0116,HT-0116,Hagia Sophia rebuilt under Justinian,Hagia Sophia rebuilt under Justinian,Architecture / event,Architecture / event,Byzantine Christian,REG-0070,Timeline,Legacy v0.16 inclusion; normalized from one or more historically significant timeline records.,Historical / architectural chronology,,Landmark architectural synchronization anchor.
ENT-0117,HT-0117; HT-0356,Muhammad,Muhammad,Religious / historical figure,Religious / historical figure,Islamic | Islamic / Arabian,REG-0020,Master,Legacy v0.16 inclusion; normalized from one or more historically significant timeline records.,Historical / religious chronology,,Use religious/historical classification without adjudicating theological claims. | Traditional biographical dates; detailed sira chronology later.
ENT-0118,HT-0118,Hijra — migration from Mecca to Medina,Hijra — migration from Mecca to Medina,Event / calendrical epoch,Event / calendrical epoch,Islamic,REG-0020,Timeline,Legacy v0.16 inclusion; normalized from one or more historically significant timeline records.,Historical / religious chronology,,Strong calendrical and political synchronization anchor.
ENT-0119,HT-0119,Early Islamic caliphates,Early Islamic caliphates,Caliphate / imperial period,Caliphate / imperial period,Islamic,REG-0237,Timeline,Legacy v0.16 inclusion; normalized from one or more historically significant timeline records.,Historical chronology,,Later split Rashidun/Umayyad where ruler-level resolution is needed.
ENT-0120,HT-0120,Abbasid Caliphate — major imperial phase,Abbasid Caliphate — major imperial phase,Caliphate / empire,Caliphate / empire,Abbasid / Islamic,REG-0235,Timeline,Legacy v0.16 inclusion; normalized from one or more historically significant timeline records.,Historical chronology,,"Political authority fragmented before 1258; bar represents dynasty/caliphate, not uniform control."
ENT-0121,HT-0121; HT-0376,Tang dynasty,Tang dynasty,Dynasty / empire,Dynasty / empire,Tang | Tang Chinese,REG-0066,Master,Legacy v0.16 inclusion; normalized from one or more historically significant timeline records.,Historical chronology,,East Asian backbone. | Major East Asian backbone.
ENT-0122,HT-0122,Song dynasty,Song dynasty,Dynasty / empire,Dynasty / empire,Song,REG-0066,Timeline,Legacy v0.16 inclusion; normalized from one or more historically significant timeline records.,Historical chronology,,Can later split Northern and Southern Song.
ENT-0123,HT-0123,Movable-type printing associated with Bi Sheng,Movable-type printing associated with Bi Sheng,Technology milestone,Technology milestone,Song Chinese,REG-0066,Timeline,Legacy v0.16 inclusion; normalized from one or more historically significant timeline records.,Historical / technological chronology,,Technology milestone; distinguish from earlier woodblock printing and later metal type.
ENT-0124,HT-0124; HT-0407,Yuan dynasty,Yuan dynasty,Dynasty / empire,Dynasty / empire,Mongol / Yuan | Mongol / Yuan Chinese,REG-0066,Master,Legacy v0.16 inclusion; normalized from one or more historically significant timeline records.,Historical chronology,,Connect to Mongol Empire rather than treating Yuan as isolated Chinese dynasty. | Dynastic declaration predates final conquest of Song.
ENT-0125,HT-0125,Mongol Empire expansion,Mongol Empire expansion,Empire,Empire,Mongol,REG-0094,Timeline,Legacy v0.16 inclusion; normalized from one or more historically significant timeline records.,Historical chronology,,Broad imperial network; successor khanates later separate.
ENT-0126,HT-0126,Gupta period,Gupta period,Dynastic / cultural period,Dynastic / cultural period,Gupta,REG-0204,Timeline,Legacy v0.16 inclusion; normalized from one or more historically significant timeline records.,Historical chronology,,South Asian backbone.
ENT-0127,HT-0127,Chola dynasty — imperial phase,Chola dynasty — imperial phase,Dynasty / empire,Dynasty / empire,Chola,REG-0206,Timeline,Legacy v0.16 inclusion; normalized from one or more historically significant timeline records.,Historical chronology,,Earlier Chola history predates this selected imperial display range.
ENT-0128,HT-0128,Angkor / Khmer Empire,Angkor / Khmer Empire,Empire / urban civilization,Empire / urban civilization,Khmer,REG-0151,Timeline,Legacy v0.16 inclusion; normalized from one or more historically significant timeline records.,Historical / archaeological chronology,,Southeast Asian backbone.
ENT-0129,HT-0129; HT-0390,Angkor Wat,Angkor Wat,Architecture / religious monument,Architecture / religious monument,Khmer / Hindu-Buddhist | Khmer / Hindu then Buddhist,REG-0052,Master,Legacy v0.16 inclusion; normalized from one or more historically significant timeline records.,Historical / architectural chronology | Architectural chronology,,Landmark feature record. | Later than main 500–1000 pass but linked for continuity.
ENT-0130,HT-0130; HT-0417,Mali Empire,Mali Empire,Empire,Empire,Mande / Mali,REG-0231,Master,Legacy v0.16 inclusion; normalized from one or more historically significant timeline records.,Historical chronology,,Broad imperial chronology. | Dates broad; political extent changed.
ENT-0131,HT-0131,Mansa Musa pilgrimage to Mecca,Mansa Musa pilgrimage to Mecca,Ruler / event,Ruler / event,Mali / Islamic,REG-0232,Timeline,Legacy v0.16 inclusion; normalized from one or more historically significant timeline records.,Historical chronology,,"High-value synchronization event connecting West Africa, North Africa and Arabia."
ENT-0132,HT-0132,Songhai Empire,Songhai Empire,Empire,Empire,Songhai,REG-0231,Timeline,Legacy v0.16 inclusion; normalized from one or more historically significant timeline records.,Historical chronology,,Late-medieval/early-modern bridge.
ENT-0133,HT-0133,Great Zimbabwe,Great Zimbabwe,Urban / state complex,Urban / state complex,Shona-related southern African traditions,REG-0211,Timeline,Legacy v0.16 inclusion; normalized from one or more historically significant timeline records.,Archaeological / historical chronology,,Critical southern African synchronization anchor.
ENT-0134,HT-0134,Kilwa Kisiwani florescence,Kilwa Kisiwani florescence,City-state / trade center,City-state / trade center,Swahili,REG-0075,Timeline,Legacy v0.16 inclusion; normalized from one or more historically significant timeline records.,Historical / archaeological chronology,,Connects Great Zimbabwe and inland gold networks to Indian Ocean world.
ENT-0135,HT-0135; HT-0370,Viking Age,Viking Age,Historical / cultural period / Historical / maritime expansion period,Historical / cultural period,Norse,REG-0183,Master,Legacy v0.16 inclusion; normalized from one or more historically significant timeline records.,Historical chronology,,"Conventional periodization, not abrupt cultural boundaries. | Conventional periodization; Norse societies extend beyond it."
ENT-0136,HT-0136,Norse settlement of Greenland,Norse settlement of Greenland,Migration / settlement,Migration / settlement,Norse,REG-0115,Timeline,Legacy v0.16 inclusion; normalized from one or more historically significant timeline records.,Historical / archaeological chronology,,Feature-level bridge toward North American contact.
ENT-0137,HT-0137,Norse site at L'Anse aux Meadows,Norse site at L'Anse aux Meadows,Archaeological site / contact,Archaeological site / contact,Norse,REG-0171,Timeline,Legacy v0.16 inclusion; normalized from one or more historically significant timeline records.,Archaeological chronology,,Hard cross-Atlantic synchronization anchor.
ENT-0138,HT-0138,Cahokia florescence,Cahokia florescence,Urban / ceremonial center,Urban / ceremonial center,Mississippian,REG-0163,Timeline,Legacy v0.16 inclusion; normalized from one or more historically significant timeline records.,Archaeological chronology,,Excellent comparison with contemporaneous medieval Eurasian/African cities.
ENT-0139,HT-0139; HT-0391,Classic Maya period,Classic Maya period,Civilization / cultural period / Civilization / archaeological period,Civilization / cultural period,Maya,REG-0159,Master,Legacy v0.16 inclusion; normalized from one or more historically significant timeline records.,Archaeological / historical chronology | Archaeological chronology,,Ruler/site records later added selectively. | Regional trajectories vary.
ENT-0140,HT-0140,Aztec / Mexica imperial period,Aztec / Mexica imperial period,Empire,Empire,Mexica / Aztec,REG-0064,Timeline,Legacy v0.16 inclusion; normalized from one or more historically significant timeline records.,Historical chronology,,Use Mexica/Aztec terminology carefully; empire comprised many subject polities.
ENT-0141,HT-0141,Tenochtitlan,Tenochtitlan,City / capital,City / capital,Mexica,REG-0064,Timeline,Legacy v0.16 inclusion; normalized from one or more historically significant timeline records.,Traditional / historical chronology,,Foundation date is traditional; destruction/conquest 1521 historical.
ENT-0142,HT-0142,Inca imperial expansion,Inca imperial expansion,Empire,Empire,Inca,REG-0018,Timeline,Legacy v0.16 inclusion; normalized from one or more historically significant timeline records.,Historical chronology,,End date marks Spanish conquest of imperial center; regional resistance continued.
ENT-0143,HT-0143; HT-0429,Polynesian settlement of Aotearoa / New Zealand,Polynesian settlement of Aotearoa / New Zealand,Migration / settlement / Human migration / settlement,Migration / settlement,Polynesian / Māori ancestors,REG-0169,Master,Legacy v0.16 inclusion; normalized from one or more historically significant timeline records.,Archaeological chronology,,Use indigenous and archaeological scholarship together in later refinement. | Oral genealogical chronologies retained separately.
ENT-0144,HT-0144,Polynesian settlement of Hawaiʻi,Polynesian settlement of Hawaiʻi,Migration / settlement,Migration / settlement,Polynesian,REG-0118,Timeline,Legacy v0.16 inclusion; normalized from one or more historically significant timeline records.,Archaeological / cultural chronology,,Broad range pending specialist chronology reconciliation.
ENT-0145,HT-0145,Crusades — Levantine major phase,Crusades — Levantine major phase,War / religious-political movement,War / religious-political movement,Latin Christian / Islamic / Eastern Christian,REG-0080,Timeline,Legacy v0.16 inclusion; normalized from one or more historically significant timeline records.,Historical chronology,,Avoid framing as only a Europe-vs-Islam binary; actors and motives varied.
ENT-0146,HT-0146,Black Death in Eurasia and North Africa,Black Death in Eurasia and North Africa,Pandemic,Pandemic,Afro-Eurasian,REG-0095,Timeline,Legacy v0.16 inclusion; normalized from one or more historically significant timeline records.,Historical / epidemiological chronology,,Later scientific/genomic source pass should refine origin and spread.
ENT-0147,HT-0147,Fall of Constantinople,Fall of Constantinople,Event,Event,Ottoman / Byzantine,REG-0070,Timeline,Legacy v0.16 inclusion; normalized from one or more historically significant timeline records.,Historical chronology,,Hard synchronization anchor near transition to early modern period.
ENT-0148,HT-0148,Ming dynasty,Ming dynasty,Dynasty / empire,Dynasty / empire,Ming,REG-0066,Timeline,Legacy v0.16 inclusion; normalized from one or more historically significant timeline records.,Historical chronology,,Bridges medieval/early modern.
ENT-0149,HT-0149; HT-0445,Zheng He voyages,Zheng He voyages,Exploration / state maritime expeditions / Maritime expeditions,Exploration / state maritime expeditions,Ming Chinese,REG-0123,Master,Legacy v0.16 inclusion; normalized from one or more historically significant timeline records.,Historical chronology,,Excellent cross-region synchronization feature. | Seven major voyages conventionally counted.
ENT-0150,HT-0150,Ottoman Empire — imperial era,Ottoman Empire — imperial era,Empire,Empire,Ottoman,REG-0208,Timeline,Legacy v0.16 inclusion; normalized from one or more historically significant timeline records.,Historical chronology,,Broad backbone; territorial extent varied greatly.
ENT-0151,HT-0151,Suleiman I,Suleiman I,Ruler,Ruler,Ottoman,REG-0188,Timeline,Legacy v0.16 inclusion; normalized from one or more historically significant timeline records.,Historical chronology,,Reign record.
ENT-0152,HT-0152,Safavid dynasty,Safavid dynasty,Dynasty / empire,Dynasty / empire,Safavid / Iranian,REG-0126,Timeline,Legacy v0.16 inclusion; normalized from one or more historically significant timeline records.,Historical chronology,,Later restoration episodes not represented in this main bar.
ENT-0153,HT-0153,Shah Abbas I,Shah Abbas I,Ruler,Ruler,Safavid,REG-0125,Timeline,Legacy v0.16 inclusion; normalized from one or more historically significant timeline records.,Historical chronology,,Reign record.
ENT-0154,HT-0154,Mughal Empire,Mughal Empire,Empire,Empire,Mughal,REG-0204,Timeline,Legacy v0.16 inclusion; normalized from one or more historically significant timeline records.,Historical chronology,,Political control contracted substantially before formal end.
ENT-0155,HT-0155; HT-0465,Akbar,Akbar,Ruler,Ruler,Mughal,REG-0204,Master,Legacy v0.16 inclusion; normalized from one or more historically significant timeline records.,Historical chronology,,Reign record. | Reign record.
ENT-0156,HT-0156,Taj Mahal,Taj Mahal,Architecture / monument,Architecture / monument,Mughal / Islamic,REG-0009,Timeline,Legacy v0.16 inclusion; normalized from one or more historically significant timeline records.,Historical / architectural chronology,,Landmark architecture anchor.
ENT-0157,HT-0157,Tokugawa shogunate,Tokugawa shogunate,Political regime,Political regime,Tokugawa / Japanese,REG-0137,Timeline,Legacy v0.16 inclusion; normalized from one or more historically significant timeline records.,Historical chronology,,Edo cultural period often dated 1615–1868; political shogunate begins 1603.
ENT-0158,HT-0158,Battle of Sekigahara,Battle of Sekigahara,Battle / political transition,Battle / political transition,Japanese,REG-0137,Timeline,Legacy v0.16 inclusion; normalized from one or more historically significant timeline records.,Historical chronology,,Hard Japanese synchronization anchor.
ENT-0159,HT-0159; HT-0469,Qing dynasty,Qing dynasty,Dynasty / empire,Dynasty / empire,Qing / Manchu | Manchu / Qing Chinese,REG-0066,Master,Legacy v0.16 inclusion; normalized from one or more historically significant timeline records.,Historical chronology,,East Asian backbone. | Existing Qing record later normalize.
ENT-0160,HT-0160; HT-0470,Kangxi emperor,Kangxi emperor,Ruler,Ruler,Qing,REG-0066,Master,Legacy v0.16 inclusion; normalized from one or more historically significant timeline records.,Historical chronology,,Reign record. | Reign record.
ENT-0161,HT-0161,Benin Kingdom — major early-modern phase,Benin Kingdom — major early-modern phase,Kingdom,Kingdom,Edo / Benin,REG-0231,Timeline,Legacy v0.16 inclusion; normalized from one or more historically significant timeline records.,Historical chronology,,Kingdom predates this display range; selected bar emphasizes documented early-modern florescence.
ENT-0162,HT-0162,Benin court brass tradition,Benin court brass tradition,Art / court institution,Art / court institution,Edo / Benin,REG-0231,Timeline,Legacy v0.16 inclusion; normalized from one or more historically significant timeline records.,Historical / art-historical chronology,,"Corpus-level feature, not individual-object dump."
ENT-0163,HT-0163,Kingdom of Kongo,Kingdom of Kongo,Kingdom,Kingdom,Kongo,REG-0060,Timeline,Legacy v0.16 inclusion; normalized from one or more historically significant timeline records.,Historical chronology,,Broad backbone.
ENT-0164,HT-0164,Christianity adopted at Kongo royal court,Christianity adopted at Kongo royal court,Religious / political transition,Religious / political transition,Kongo / Christian,REG-0060,Timeline,Legacy v0.16 inclusion; normalized from one or more historically significant timeline records.,Historical chronology,,Do not portray as simple European cultural replacement.
ENT-0165,HT-0165,Atlantic slave trade — major transatlantic system,Atlantic slave trade — major transatlantic system,Forced migration / economic system,Forced migration / economic system,Atlantic world,REG-0005,Timeline,Legacy v0.16 inclusion; normalized from one or more historically significant timeline records.,Historical chronology,,Use specialist quantitative database for later route/volume claims; distinguish Atlantic trade from older slave systems.
ENT-0166,HT-0166,Middle Passage,Middle Passage,Forced migration / human catastrophe,Forced migration / human catastrophe,Atlantic world,REG-0032,Timeline,Legacy v0.16 inclusion; normalized from one or more historically significant timeline records.,Historical chronology,,Feature-level human-history record.
ENT-0167,HT-0167,Columbus first Caribbean voyage,Columbus first Caribbean voyage,Voyage / encounter,Voyage / encounter,Spanish / Taíno and Caribbean worlds,REG-0028,Timeline,Legacy v0.16 inclusion; normalized from one or more historically significant timeline records.,Historical chronology,,Do not frame as 'discovery' of inhabited Americas.
ENT-0168,HT-0168; HT-0480,Columbian Exchange,Columbian Exchange,Ecological / demographic process,Ecological / demographic process,Atlantic world | Afro-Eurasian-American,REG-0011,Master,Legacy v0.16 inclusion; normalized from one or more historically significant timeline records.,Historical / environmental chronology | Historical / ecological chronology,,"Long process, not a single event. | Long process extending beyond display range."
ENT-0169,HT-0169,Fall of Tenochtitlan,Fall of Tenochtitlan,Conquest / political transition,Conquest / political transition,Mexica / Spanish / Indigenous allies,REG-0064,Timeline,Legacy v0.16 inclusion; normalized from one or more historically significant timeline records.,Historical chronology,,Explicitly include Indigenous allies; avoid two-sided simplification.
ENT-0170,HT-0170,Spanish conquest of Inca imperial center,Spanish conquest of Inca imperial center,Conquest / political transition,Conquest / political transition,Inca / Spanish,REG-0018,Timeline,Legacy v0.16 inclusion; normalized from one or more historically significant timeline records.,Historical chronology,,"End of central imperial control, not end of Inca peoples or resistance."
ENT-0171,HT-0171,Protestant Reformation,Protestant Reformation,Religious / political movement,Religious / political movement,Christian / European,REG-0096,Timeline,Legacy v0.16 inclusion; normalized from one or more historically significant timeline records.,Historical chronology,,"Multiple reformations, not a single-person event."
ENT-0172,HT-0172,Martin Luther's Ninety-Five Theses,Martin Luther's Ninety-Five Theses,Text / religious-political event,Text / religious-political event,Lutheran / Christian,REG-0244,Timeline,Legacy v0.16 inclusion; normalized from one or more historically significant timeline records.,Historical / textual chronology,,Traditional posting narrative and printing/dissemination history can later be separated.
ENT-0173,HT-0173; HT-0454,Council of Trent,Council of Trent,Religious council / institutional reform / Church council / religious reform,Religious council / institutional reform,Catholic Christian,REG-0220,Master,Legacy v0.16 inclusion; normalized from one or more historically significant timeline records.,Historical chronology | Historical / religious chronology,,Use Catholic primary conciliar documents in later text-specific pass. | Multiple sessions.
ENT-0174,HT-0174; HT-0455,Nicolaus Copernicus,Nicolaus Copernicus,Person / astronomer / Astronomer,Person / astronomer,European scientific,REG-0096,Master,Legacy v0.16 inclusion; normalized from one or more historically significant timeline records.,Historical chronology,,Person separate from publication event. | Model had ancient precedents but transformed early modern astronomy.
ENT-0175,HT-0175,De revolutionibus orbium coelestium,De revolutionibus orbium coelestium,Text / scientific publication,Text / scientific publication,European scientific,REG-0096,Timeline,Legacy v0.16 inclusion; normalized from one or more historically significant timeline records.,Publication chronology,,Landmark scientific text.
ENT-0176,HT-0176; HT-0456,Galileo Galilei,Galileo Galilei,Person / scientist / Astronomer / physicist,Person / scientist,European scientific,REG-0134,Master,Legacy v0.16 inclusion; normalized from one or more historically significant timeline records.,Historical chronology,,Person record. | Person record.
ENT-0177,HT-0177,Sidereus Nuncius (Starry Messenger),Sidereus Nuncius (Starry Messenger),Text / scientific publication,Text / scientific publication,European scientific,REG-0134,Timeline,Legacy v0.16 inclusion; normalized from one or more historically significant timeline records.,Publication chronology,,Scientific synchronization anchor.
ENT-0178,HT-0178; HT-0457,Isaac Newton,Isaac Newton,Person / scientist / Mathematician / physicist,Person / scientist,European scientific,REG-0091,Master,Legacy v0.16 inclusion; normalized from one or more historically significant timeline records.,Historical chronology,,Gregorian/Old Style birth-date nuance can later be captured in DateClaims. | Priority disputes around calculus later separate if needed.
ENT-0179,HT-0179,Philosophiæ Naturalis Principia Mathematica,Philosophiæ Naturalis Principia Mathematica,Text / scientific publication,Text / scientific publication,European scientific,REG-0091,Timeline,Legacy v0.16 inclusion; normalized from one or more historically significant timeline records.,Publication chronology,,Landmark scientific text.
ENT-0180,HT-0180,Gutenberg Bible / European movable-type printing milestone,Gutenberg Bible / European movable-type printing milestone,Technology / manuscript-print transition,Technology / manuscript-print transition,European print culture,REG-0152,Timeline,Legacy v0.16 inclusion; normalized from one or more historically significant timeline records.,Historical / material chronology,,Movable type existed earlier in East Asia; do not call this invention of printing.
ENT-0181,HT-0181,Rapid expansion of European print culture,Rapid expansion of European print culture,Technology / cultural process,Technology / cultural process,European print culture,REG-0096,Timeline,Legacy v0.16 inclusion; normalized from one or more historically significant timeline records.,Historical / technological chronology,,Synchronize explicitly with earlier Chinese/Korean print technologies later.
ENT-0182,HT-0182,European maritime route to India around Cape of Good Hope,European maritime route to India around Cape of Good Hope,Voyage / trade-route transition,Voyage / trade-route transition,Portuguese / Indian Ocean worlds,REG-0029,Timeline,Legacy v0.16 inclusion; normalized from one or more historically significant timeline records.,Historical chronology,,Do not imply Europeans created Indian Ocean trade.
ENT-0183,HT-0183; HT-0491,Magellan–Elcano circumnavigation,Magellan–Elcano circumnavigation,Voyage / global navigation / Maritime voyage,Voyage / global navigation,Spanish expedition / multinational crew | Spanish-sponsored multinational expedition,REG-0112,Master,Legacy v0.16 inclusion; normalized from one or more historically significant timeline records.,Historical chronology,,Magellan died before completion; retain expedition-level credit accurately. | Magellan died in 1521; Elcano completed voyage.
ENT-0184,HT-0184,Jamestown settlement,Jamestown settlement,Colonial settlement,Colonial settlement,English / Powhatan world,REG-0229,Timeline,Legacy v0.16 inclusion; normalized from one or more historically significant timeline records.,Historical chronology,,Indigenous political geography is essential context.
ENT-0185,HT-0185,Powhatan paramount chiefdom at English arrival,Powhatan paramount chiefdom at English arrival,Indigenous polity,Indigenous polity,Powhatan / Algonquian,REG-0219,Timeline,Legacy v0.16 inclusion; normalized from one or more historically significant timeline records.,Historical / ethnohistorical chronology,,Do not treat region as politically empty before colonization.
ENT-0186,HT-0186,Plymouth Colony,Plymouth Colony,Colonial settlement,Colonial settlement,English / Wampanoag world,REG-0167,Timeline,Legacy v0.16 inclusion; normalized from one or more historically significant timeline records.,Historical chronology,,Avoid Thanksgiving mythology as primary historical frame.
ENT-0187,HT-0187,Wampanoag-English alliance,Wampanoag-English alliance,Diplomatic / political relationship,Diplomatic / political relationship,Wampanoag / English,REG-0167,Timeline,Legacy v0.16 inclusion; normalized from one or more historically significant timeline records.,Historical chronology,,Relationship was strategic and changed over time.
ENT-0188,HT-0188,Seven Years' War,Seven Years' War,Global war,Global war,Multiple empires,REG-0098,Timeline,Legacy v0.16 inclusion; normalized from one or more historically significant timeline records.,Historical chronology,,Often called first truly global war; avoid making slogan the core claim.
ENT-0189,HT-0189; HT-0497,American Revolution,American Revolution,Revolution / war,Revolution / war,United States / British Atlantic | American / British imperial,REG-0175,Master,Legacy v0.16 inclusion; normalized from one or more historically significant timeline records.,Historical chronology,,"Include Indigenous, enslaved, Loyalist and international dimensions in later expansion. | Global imperial context later deepen."
ENT-0190,HT-0190,U.S. Declaration of Independence,U.S. Declaration of Independence,Political text / event,Political text / event,United States,REG-0174,Timeline,Legacy v0.16 inclusion; normalized from one or more historically significant timeline records.,Historical / textual chronology,,Landmark political text; ideals and actual rights/access should remain analytically distinct.
ENT-0191,HT-0191; HT-0500,Haitian Revolution begins,Haitian Revolution begins,Revolution / antislavery struggle / Revolution / antislavery uprising,Revolution / antislavery struggle,Haitian / Saint-Domingue,REG-0054,Master,Legacy v0.16 inclusion; normalized from one or more historically significant timeline records.,Historical chronology,,Bridges early modern to modern timeline; major global antislavery event. | Continues beyond 1800 boundary; major Atlantic synchronization anchor.
ENT-0192,HT-0192; HT-0501,Haitian independence,Haitian independence,Political event / revolution / Independence / revolution outcome,Political event / revolution,Haitian,REG-0054,Master,Legacy v0.16 inclusion; normalized from one or more historically significant timeline records.,Historical chronology,,Major Atlantic-world synchronization anchor. | Major Atlantic-world synchronization anchor.
ENT-0193,HT-0193,Napoleonic Wars,Napoleonic Wars,War / imperial conflict,War / imperial conflict,European / global imperial,REG-0099,Timeline,Legacy v0.16 inclusion; normalized from one or more historically significant timeline records.,Historical chronology,,Global consequences extend beyond European battlefields.
ENT-0194,HT-0194,Latin American independence era,Latin American independence era,Revolution / decolonization process,Revolution / decolonization process,Latin American,REG-0010,Timeline,Legacy v0.16 inclusion; normalized from one or more historically significant timeline records.,Historical chronology,,Regional process; individual revolutions and leaders later separate.
ENT-0195,HT-0195; HT-0505,Simón Bolívar,Simón Bolívar,Person / political-military leader / Political / military leader,Person / political-military leader,Latin American independence | Venezuelan / Gran Colombian,REG-0184,Master,Legacy v0.16 inclusion; normalized from one or more historically significant timeline records.,Historical chronology,,Person record. | Person record.
ENT-0196,HT-0196,Industrial Revolution — first major phase,Industrial Revolution — first major phase,Economic / technological transformation,Economic / technological transformation,Industrializing societies,REG-0047,Timeline,Legacy v0.16 inclusion; normalized from one or more historically significant timeline records.,Historical / economic chronology,,Periodization varies; later industrialization occurred globally.
ENT-0197,HT-0197; HT-0508,James Watt steam-engine improvements,James Watt steam-engine improvements,Technology milestone / Technology / engineering,Technology milestone,Industrial | British industrial,REG-0044,Master,Legacy v0.16 inclusion; normalized from one or more historically significant timeline records.,Historical / technological chronology | Technological chronology,,Not invention of steam power; improvement milestone. | Steam engines predate Watt.
ENT-0198,HT-0198,First public railway era,First public railway era,Technology / transport transition,Technology / transport transition,Industrial,REG-0044,Timeline,Legacy v0.16 inclusion; normalized from one or more historically significant timeline records.,Historical / technological chronology,,Global diffusion later receives regional records.
ENT-0199,HT-0199,Qing Opium Wars era,Qing Opium Wars era,War / imperial confrontation,War / imperial confrontation,Qing / British imperial,REG-0066,Timeline,Legacy v0.16 inclusion; normalized from one or more historically significant timeline records.,Historical chronology,,Combine as era for backbone; wars later separate if needed.
ENT-0200,HT-0200; HT-0534,Taiping Rebellion,Taiping Rebellion,Civil war / religious-political movement,Civil war / religious-political movement,Taiping / Qing | Taiping / Qing Chinese,REG-0066,Master,Legacy v0.16 inclusion; normalized from one or more historically significant timeline records.,Historical chronology,,Major 19th-century event often underrepresented in Western timelines. | Among the deadliest nineteenth-century conflicts; exact mortality uncertain.
ENT-0201,HT-0201; HT-0531,Meiji Restoration,Meiji Restoration,Political / social transformation,Political / social transformation,Japanese,REG-0137,Master,Legacy v0.16 inclusion; normalized from one or more historically significant timeline records.,Historical chronology,,Transformation extended over decades. | Transformation extended across decades.
ENT-0202,HT-0202,Meiji period,Meiji period,Historical / cultural period,Historical / cultural period,Japanese,REG-0137,Timeline,Legacy v0.16 inclusion; normalized from one or more historically significant timeline records.,Historical chronology,,East Asian modern backbone.
ENT-0203,HT-0203; HT-0530,British Raj,British Raj,Colonial regime / Colonial imperial regime,Colonial regime,British / South Asian | British imperial / South Asian,REG-0204,Master,Legacy v0.16 inclusion; normalized from one or more historically significant timeline records.,Historical chronology,,Princely states and regions had varying political arrangements. | Princely states retained varying internal authority.
ENT-0204,HT-0204; HT-0529,Indian Rebellion of 1857,Indian Rebellion of 1857,Rebellion / war,Rebellion / war,South Asian / British colonial | South Asian / British imperial,REG-0204,Master,Legacy v0.16 inclusion; normalized from one or more historically significant timeline records.,Historical chronology,,"Terminology varies: rebellion, uprising, mutiny, First War of Independence. | Terminology varies: rebellion, uprising, mutiny, first war of independence."
ENT-0205,HT-0205,Scramble for Africa — high imperial phase,Scramble for Africa — high imperial phase,Colonial expansion / geopolitical process,Colonial expansion / geopolitical process,European imperial / African polities,REG-0004,Timeline,Legacy v0.16 inclusion; normalized from one or more historically significant timeline records.,Historical chronology,,Do not imply Africa was politically unorganized before colonization.
ENT-0206,HT-0206; HT-0528,Berlin Conference,Berlin Conference,Diplomatic event / Diplomatic / imperial event,Diplomatic event,European imperial,REG-0042,Master,Legacy v0.16 inclusion; normalized from one or more historically significant timeline records.,Historical chronology,,Conference did not literally draw every later border in one meeting. | Conference did not literally draw every later border in one meeting.
ENT-0207,HT-0207,Zulu Kingdom — major independent phase,Zulu Kingdom — major independent phase,Kingdom,Kingdom,Zulu,REG-0211,Timeline,Legacy v0.16 inclusion; normalized from one or more historically significant timeline records.,Historical chronology,,Post-1879 Zulu political history continued.
ENT-0208,HT-0208,Anglo-Zulu War,Anglo-Zulu War,War,War,Zulu / British imperial,REG-0211,Timeline,Legacy v0.16 inclusion; normalized from one or more historically significant timeline records.,Historical chronology,,Feature-level African/imperial synchronization anchor.
ENT-0209,HT-0209,American Civil War,American Civil War,Civil war,Civil war,United States,REG-0174,Timeline,Legacy v0.16 inclusion; normalized from one or more historically significant timeline records.,Historical chronology,,"Political, military and emancipation layers later expandable."
ENT-0210,HT-0210; HT-0518,Emancipation Proclamation,Emancipation Proclamation,Political / legal document / Political / emancipation document,Political / legal document,United States,REG-0174,Master,Legacy v0.16 inclusion; normalized from one or more historically significant timeline records.,Historical / legal chronology | Historical / documentary chronology,,Scope differed from later Thirteenth Amendment abolition. | Did not immediately free every enslaved person in the US.
ENT-0211,HT-0211,Darwin publishes On the Origin of Species,Darwin publishes On the Origin of Species,Scientific publication,Scientific publication,Evolutionary biology,REG-0044,Timeline,Legacy v0.16 inclusion; normalized from one or more historically significant timeline records.,Publication chronology,,Scientific publication milestone.
ENT-0212,HT-0212,Telephone patented by Alexander Graham Bell,Telephone patented by Alexander Graham Bell,Technology milestone,Technology milestone,Communications,REG-0223,Timeline,Legacy v0.16 inclusion; normalized from one or more historically significant timeline records.,Historical / technological chronology,,Avoid sole-inventor mythology; patent milestone.
ENT-0213,HT-0213,Edison practical incandescent lighting system,Edison practical incandescent lighting system,Technology milestone,Technology milestone,Electrical / industrial,REG-0223,Timeline,Legacy v0.16 inclusion; normalized from one or more historically significant timeline records.,Historical / technological chronology,,Not claim that Edison alone invented electric light.
ENT-0214,HT-0214,First powered Wright brothers flight,First powered Wright brothers flight,Technology / aviation milestone,Technology / aviation milestone,Aviation,REG-0178,Timeline,Legacy v0.16 inclusion; normalized from one or more historically significant timeline records.,Historical chronology,,Hard technology synchronization anchor.
ENT-0215,HT-0215; HT-0553,World War I,World War I,Global war,Global war,Multiple states | Global,REG-0111,Master,Legacy v0.16 inclusion; normalized from one or more historically significant timeline records.,Historical chronology,,Global framing essential. | Global theaters and colonial troops must remain visible.
ENT-0216,HT-0216; HT-0555,Armenian genocide,Armenian genocide,Genocide / mass atrocity / Genocide / mass deportation,Genocide / mass atrocity,Ottoman Armenian | Ottoman Armenian / Ottoman state,REG-0188,Master,Legacy v0.16 inclusion; normalized from one or more historically significant timeline records.,Historical chronology,,Major genocide record. | Violence and aftermath extend beyond narrow date range.
ENT-0217,HT-0217,Russian Revolution,Russian Revolution,Revolution / political transition,Revolution / political transition,Russian / Soviet,REG-0197,Timeline,Legacy v0.16 inclusion; normalized from one or more historically significant timeline records.,Historical chronology,,Civil war follows separately.
ENT-0218,HT-0218,Soviet Union,Soviet Union,State,State,Soviet,REG-0094,Timeline,Legacy v0.16 inclusion; normalized from one or more historically significant timeline records.,Historical chronology,,State backbone.
ENT-0219,HT-0219,Influenza pandemic,Influenza pandemic,Pandemic,Pandemic,Global,REG-0111,Timeline,Legacy v0.16 inclusion; normalized from one or more historically significant timeline records.,Historical / epidemiological chronology,,Global health synchronization anchor.
ENT-0220,HT-0220,Republic of Turkey founded,Republic of Turkey founded,Political transition,Political transition,Turkish,REG-0012,Timeline,Legacy v0.16 inclusion; normalized from one or more historically significant timeline records.,Historical chronology,,Transition record.
ENT-0221,HT-0221; HT-0571,Great Depression,Great Depression,Economic crisis / Global economic crisis,Economic crisis,Global,REG-0111,Master,Legacy v0.16 inclusion; normalized from one or more historically significant timeline records.,Historical / economic chronology | Economic chronology,,"Global, not solely U.S., process. | Timing and severity varied globally."
ENT-0222,HT-0222; HT-0582,World War II,World War II,Global war,Global war,Multiple states | Global,REG-0111,Master,Legacy v0.16 inclusion; normalized from one or more historically significant timeline records.,Historical chronology,,Asia-Pacific war roots precede 1939; regional chronology can be expanded. | Asian war chronology begins before 1939.
ENT-0223,HT-0223; HT-0575,Holocaust,Holocaust,Genocide,Genocide,Nazi persecution / European Jewry | European Jews / Nazi Germany and collaborators,REG-0096,Master,Legacy v0.16 inclusion; normalized from one or more historically significant timeline records.,Historical chronology,,Genocide record distinct from general WWII bar. | Keep Jewish genocide central while separately representing other Nazi victim groups.
ENT-0224,HT-0224; HT-0587,Atomic bombings of Hiroshima and Nagasaki,Atomic bombings of Hiroshima and Nagasaki,War / nuclear event / Nuclear attacks,War / nuclear event,United States / Japan | United States / Japanese civilians and military,REG-0137,Master,Legacy v0.16 inclusion; normalized from one or more historically significant timeline records.,Historical chronology,,"Human, military and nuclear-age significance. | Casualty estimates vary; Japan announced surrender shortly afterward."
ENT-0225,HT-0225; HT-0588,United Nations founded,United Nations founded,International institution / International organization,International institution,Global | International,REG-0111,Master,Legacy v0.16 inclusion; normalized from one or more historically significant timeline records.,Historical chronology,,Institutional backbone. | Institution continues beyond timeline point.
ENT-0226,HT-0226,Nuclear age,Nuclear age,Technology / geopolitical era,Technology / geopolitical era,Global,REG-0111,Timeline,Legacy v0.16 inclusion; normalized from one or more historically significant timeline records.,Historical / technological chronology,,Open-ended era to current database horizon.
ENT-0227,HT-0227,Indian independence and Partition,Indian independence and Partition,Decolonization / political transition,Decolonization / political transition,Indian / Pakistani,REG-0204,Timeline,Legacy v0.16 inclusion; normalized from one or more historically significant timeline records.,Historical chronology,,Independence and humanitarian catastrophe both need representation.
ENT-0228,HT-0228,People's Republic of China founded,People's Republic of China founded,Political transition,Political transition,Chinese / Communist,REG-0066,Timeline,Legacy v0.16 inclusion; normalized from one or more historically significant timeline records.,Historical chronology,,State transition anchor.
ENT-0229,HT-0229,Decolonization of Africa — major wave,Decolonization of Africa — major wave,Decolonization process,Decolonization process,African states,REG-0004,Timeline,Legacy v0.16 inclusion; normalized from one or more historically significant timeline records.,Historical chronology,,Regional process; individual independence movements later separate.
ENT-0230,HT-0230,Ghana independence,Ghana independence,Decolonization / political event,Decolonization / political event,Ghanaian,REG-0231,Timeline,Legacy v0.16 inclusion; normalized from one or more historically significant timeline records.,Historical chronology,,Feature-level decolonization anchor.
ENT-0231,HT-0231,Cold War,Cold War,Geopolitical era,Geopolitical era,United States / Soviet-led blocs and nonaligned world,REG-0111,Timeline,Legacy v0.16 inclusion; normalized from one or more historically significant timeline records.,Historical chronology,,Do not reduce global politics to two superpowers; Non-Aligned world later expanded.
ENT-0232,HT-0232,Korean War,Korean War,War,War,Korean / international,REG-0145,Timeline,Legacy v0.16 inclusion; normalized from one or more historically significant timeline records.,Historical chronology,,Cold War synchronization anchor.
ENT-0233,HT-0233,Civil Rights Movement — major U.S. phase,Civil Rights Movement — major U.S. phase,Social / political movement,Social / political movement,African American / United States,REG-0223,Timeline,Legacy v0.16 inclusion; normalized from one or more historically significant timeline records.,Historical chronology,,Long Black freedom struggle extends before and after these dates.
ENT-0234,HT-0234,U.S. Civil Rights Act,U.S. Civil Rights Act,Legal / political event,Legal / political event,United States,REG-0223,Timeline,Legacy v0.16 inclusion; normalized from one or more historically significant timeline records.,Historical / legal chronology,,Legal milestone.
ENT-0235,HT-0235,Space Age begins with Sputnik 1,Space Age begins with Sputnik 1,Technology / spaceflight milestone,Technology / spaceflight milestone,Soviet / global,REG-0073,Timeline,Legacy v0.16 inclusion; normalized from one or more historically significant timeline records.,Historical / technological chronology,,Hard technology synchronization anchor.
ENT-0236,HT-0236,First human in space — Yuri Gagarin,First human in space — Yuri Gagarin,Spaceflight / person,Spaceflight / person,Soviet,REG-0073,Timeline,Legacy v0.16 inclusion; normalized from one or more historically significant timeline records.,Historical chronology,,Feature-level milestone.
ENT-0237,HT-0237,Apollo 11 Moon landing,Apollo 11 Moon landing,Spaceflight / exploration,Spaceflight / exploration,United States / human spaceflight,REG-0164,Timeline,Legacy v0.16 inclusion; normalized from one or more historically significant timeline records.,Historical chronology,,Hard synchronization anchor.
ENT-0238,HT-0238,Vietnam War — major U.S./international phase,Vietnam War — major U.S./international phase,War / decolonization-Cold War conflict,War / decolonization-Cold War conflict,Vietnamese / international,REG-0207,Timeline,Legacy v0.16 inclusion; normalized from one or more historically significant timeline records.,Historical chronology,,Earlier anti-colonial Indochina conflict should later be linked.
ENT-0239,HT-0239,Personal computer revolution,Personal computer revolution,Technology / social transformation,Technology / social transformation,Global computing,REG-0111,Timeline,Legacy v0.16 inclusion; normalized from one or more historically significant timeline records.,Historical / technological chronology,,"Process record, not one inventor/product."
ENT-0240,HT-0240,World Wide Web proposed and implemented,World Wide Web proposed and implemented,Technology / information network,Technology / information network,Global computing,REG-0051,Timeline,Legacy v0.16 inclusion; normalized from one or more historically significant timeline records.,Historical / technological chronology,,Web distinct from Internet.
ENT-0241,HT-0241,Fall of Berlin Wall,Fall of Berlin Wall,Political event,Political event,Cold War Europe,REG-0040,Timeline,Legacy v0.16 inclusion; normalized from one or more historically significant timeline records.,Historical chronology,,Hard synchronization anchor.
ENT-0242,HT-0242,Soviet Union dissolves,Soviet Union dissolves,Political transition,Political transition,Soviet / post-Soviet,REG-0094,Timeline,Legacy v0.16 inclusion; normalized from one or more historically significant timeline records.,Historical chronology,,Cold War endpoint anchor.
ENT-0243,HT-0243,End of apartheid and democratic transition in South Africa,End of apartheid and democratic transition in South Africa,Political / social transition,Political / social transition,South African,REG-0211,Timeline,Legacy v0.16 inclusion; normalized from one or more historically significant timeline records.,Historical chronology,,Process rather than single-day event.
ENT-0244,HT-0244,Nelson Mandela presidency begins,Nelson Mandela presidency begins,Person / political event,Person / political event,South African,REG-0202,Timeline,Legacy v0.16 inclusion; normalized from one or more historically significant timeline records.,Historical chronology,,Feature-level political transition.
ENT-0245,HT-0245,September 11 attacks,September 11 attacks,Terrorist attack / geopolitical event,Terrorist attack / geopolitical event,Al-Qaeda / United States,REG-0223,Timeline,Legacy v0.16 inclusion; normalized from one or more historically significant timeline records.,Historical chronology,,Do not conflate perpetrators with broader religions/populations.
ENT-0246,HT-0246,U.S.-led War in Afghanistan,U.S.-led War in Afghanistan,War,War,Afghan / U.S.-led coalition / Taliban and others,REG-0003,Timeline,Legacy v0.16 inclusion; normalized from one or more historically significant timeline records.,Historical chronology,,Multiple Afghan and international actors; simplify only at backbone level.
ENT-0247,HT-0247,Human Genome Project completed,Human Genome Project completed,Science / genomics milestone,Science / genomics milestone,Global scientific collaboration,REG-0111,Timeline,Legacy v0.16 inclusion; normalized from one or more historically significant timeline records.,Historical / scientific chronology,,Reference genome history continues after 2003.
ENT-0248,HT-0248,Global financial crisis,Global financial crisis,Economic crisis,Economic crisis,Global,REG-0111,Timeline,Legacy v0.16 inclusion; normalized from one or more historically significant timeline records.,Historical / economic chronology,,Global effects varied.
ENT-0249,HT-0249,COVID-19 pandemic,COVID-19 pandemic,Pandemic,Pandemic,Global,REG-0111,Timeline,Legacy v0.16 inclusion; normalized from one or more historically significant timeline records.,Historical / epidemiological chronology,,Disease circulation continues beyond emergency-phase endpoint.
ENT-0250,HT-0250,James Webb Space Telescope science operations,James Webb Space Telescope science operations,Science / space observatory,Science / space observatory,International space science,REG-0217,Timeline,Legacy v0.16 inclusion; normalized from one or more historically significant timeline records.,Historical / scientific chronology,,Open-ended to current database horizon.
ENT-0251,HT-0251,Homo sapiens,Homo sapiens,Human species,Human species,Human evolution,REG-0007,Timeline,Legacy v0.16 inclusion; normalized from one or more historically significant timeline records.,Paleoanthropological chronology,,"Species-level backbone, not every fossil specimen."
ENT-0252,HT-0252,Jebel Irhoud Homo sapiens fossils,Jebel Irhoud Homo sapiens fossils,Fossil / archaeological site,Fossil / archaeological site,Early Homo sapiens,REG-0165,Timeline,Legacy v0.16 inclusion; normalized from one or more historically significant timeline records.,Paleoanthropological chronology,,Approximate range; specialist dating source later.
ENT-0253,HT-0253,Major Homo sapiens dispersals beyond Africa,Major Homo sapiens dispersals beyond Africa,Human migration,Human migration,Homo sapiens,REG-0006,Timeline,Legacy v0.16 inclusion; normalized from one or more historically significant timeline records.,Archaeological / genetic chronology,,Multiple dispersal episodes; not a single exodus event.
ENT-0254,HT-0254,Chauvet Cave art,Chauvet Cave art,Art / archaeological site,Art / archaeological site,Upper Paleolithic,REG-0107,Timeline,Legacy v0.16 inclusion; normalized from one or more historically significant timeline records.,Archaeological chronology,,Landmark site; do not catalog every image.
ENT-0255,HT-0255,Last Glacial Maximum,Last Glacial Maximum,Climate event,Climate event,Pleistocene climate,REG-0111,Timeline,Legacy v0.16 inclusion; normalized from one or more historically significant timeline records.,Paleoclimate chronology,,Broad climate synchronization layer.
ENT-0256,HT-0256,Göbekli Tepe monumental phase,Göbekli Tepe monumental phase,Archaeological site / ritual architecture,Archaeological site / ritual architecture,Pre-Pottery Neolithic,REG-0012,Timeline,Legacy v0.16 inclusion; normalized from one or more historically significant timeline records.,Archaeological chronology,,Major Neolithic synchronization anchor.
ENT-0257,HT-0257,Jericho early settlement / fortifications,Jericho early settlement / fortifications,Settlement / archaeological site,Settlement / archaeological site,Neolithic Levant,REG-0147,Timeline,Legacy v0.16 inclusion; normalized from one or more historically significant timeline records.,Archaeological chronology,,Individual occupation phases later separable.
ENT-0258,HT-0258,Çatalhöyük,Çatalhöyük,Settlement / archaeological site,Settlement / archaeological site,Neolithic Anatolia,REG-0012,Timeline,Legacy v0.16 inclusion; normalized from one or more historically significant timeline records.,Archaeological chronology,,Urban terminology should remain cautious.
ENT-0259,HT-0259,Early agriculture in Fertile Crescent,Early agriculture in Fertile Crescent,Agriculture transition,Agriculture transition,Neolithic Southwest Asia,REG-0105,Timeline,Legacy v0.16 inclusion; normalized from one or more historically significant timeline records.,Archaeological chronology,,Process record.
ENT-0260,HT-0260,Jōmon cultural tradition,Jōmon cultural tradition,Archaeological culture,Archaeological culture,Jōmon,REG-0137,Timeline,Legacy v0.16 inclusion; normalized from one or more historically significant timeline records.,Archaeological chronology,,Regional phases vary.
ENT-0261,HT-0261,Mehrgarh,Mehrgarh,Settlement / archaeological culture,Settlement / archaeological culture,Neolithic South Asia,REG-0039,Timeline,Legacy v0.16 inclusion; normalized from one or more historically significant timeline records.,Archaeological chronology,,Chronology broad; specialist archaeology later.
ENT-0262,HT-0262,Uruk period,Uruk period,Cultural / urban period,Cultural / urban period,Sumerian / Mesopotamian,REG-0160,Timeline,Legacy v0.16 inclusion; normalized from one or more historically significant timeline records.,Archaeological chronology,,Core urbanization backbone.
ENT-0263,HT-0263,Uruk city,Uruk city,City,City,Sumerian,REG-0160,Timeline,Legacy v0.16 inclusion; normalized from one or more historically significant timeline records.,Archaeological chronology,,City lifespan extends beyond display range.
ENT-0264,HT-0264,Proto-cuneiform / earliest Mesopotamian writing,Proto-cuneiform / earliest Mesopotamian writing,Writing / technology milestone,Writing / technology milestone,Sumerian / Mesopotamian,REG-0160,Timeline,Legacy v0.16 inclusion; normalized from one or more historically significant timeline records.,Archaeological / textual chronology,,Writing emergence is gradual; do not assign one invention day.
ENT-0265,HT-0265,Cuneiform writing tradition,Cuneiform writing tradition,Writing system,Writing system,Mesopotamian,REG-0160,Timeline,Legacy v0.16 inclusion; normalized from one or more historically significant timeline records.,Textual / archaeological chronology,,Long-duration writing-system backbone.
ENT-0266,HT-0266,Early Dynastic Sumer,Early Dynastic Sumer,Historical / cultural period,Historical / cultural period,Sumerian,REG-0160,Timeline,Legacy v0.16 inclusion; normalized from one or more historically significant timeline records.,Historical / archaeological chronology,,Period dates approximate.
ENT-0267,HT-0267,Royal Cemetery of Ur,Royal Cemetery of Ur,Archaeological site / burials,Archaeological site / burials,Sumerian,REG-0225,Timeline,Legacy v0.16 inclusion; normalized from one or more historically significant timeline records.,Archaeological chronology,,Artifact complexes later linked selectively.
ENT-0268,HT-0268,Akkadian Empire,Akkadian Empire,Empire,Empire,Akkadian,REG-0160,Timeline,Legacy v0.16 inclusion; normalized from one or more historically significant timeline records.,Historical chronology,,Chronology varies by system.
ENT-0269,HT-0269,Sargon of Akkad,Sargon of Akkad,Ruler,Ruler,Akkadian,REG-0160,Timeline,Legacy v0.16 inclusion; normalized from one or more historically significant timeline records.,Historical / reconstructed chronology,,Exact reign dates depend on Mesopotamian chronology model.
ENT-0270,HT-0270,Ur III / Third Dynasty of Ur,Ur III / Third Dynasty of Ur,Dynasty / state,Dynasty / state,Sumerian,REG-0160,Timeline,Legacy v0.16 inclusion; normalized from one or more historically significant timeline records.,Historical chronology,,Chronology model dependent.
ENT-0271,HT-0271,Ziggurat of Ur major construction,Ziggurat of Ur major construction,Architecture / religious monument,Architecture / religious monument,Sumerian / Ur III,REG-0225,Timeline,Legacy v0.16 inclusion; normalized from one or more historically significant timeline records.,Historical / archaeological chronology,,Feature-level architecture anchor.
ENT-0272,HT-0272,Old Babylonian period,Old Babylonian period,Historical / cultural period,Historical / cultural period,Babylonian,REG-0160,Timeline,Legacy v0.16 inclusion; normalized from one or more historically significant timeline records.,Historical chronology,,Chronology varies.
ENT-0273,HT-0273,Hammurabi,Hammurabi,Ruler,Ruler,Old Babylonian,REG-0035,Timeline,Legacy v0.16 inclusion; normalized from one or more historically significant timeline records.,Historical / chronology-model dependent,,Dates are Middle Chronology; competing chronologies must later be DateClaims.
ENT-0274,HT-0274,Law Code of Hammurabi,Law Code of Hammurabi,Inscription / legal text,Inscription / legal text,Old Babylonian,REG-0160,Timeline,Legacy v0.16 inclusion; normalized from one or more historically significant timeline records.,Historical / inscription chronology,,Not the earliest law code.
ENT-0275,HT-0275,Egyptian New Kingdom,Egyptian New Kingdom,Historical period / empire,Historical period / empire,Ancient Egyptian,REG-0088,Timeline,Legacy v0.16 inclusion; normalized from one or more historically significant timeline records.,Historical chronology,,Major Egyptian backbone.
ENT-0276,HT-0276,Hatshepsut,Hatshepsut,Ruler,Ruler,Egyptian 18th Dynasty,REG-0086,Timeline,Legacy v0.16 inclusion; normalized from one or more historically significant timeline records.,Historical chronology,,Reign record.
ENT-0277,HT-0277,Akhenaten / Amarna period,Akhenaten / Amarna period,Ruler / religious-political transition,Ruler / religious-political transition,Egyptian 18th Dynasty,REG-0086,Timeline,Legacy v0.16 inclusion; normalized from one or more historically significant timeline records.,Historical chronology,,URL may require later correction; chronology retained from Met standard periodization.
ENT-0278,HT-0278,Tutankhamun,Tutankhamun,Ruler,Ruler,Egyptian 18th Dynasty,REG-0086,Timeline,Legacy v0.16 inclusion; normalized from one or more historically significant timeline records.,Historical chronology,,Reign dates approximate.
ENT-0279,HT-0279,Ramesses II,Ramesses II,Ruler,Ruler,Egyptian 19th Dynasty,REG-0086,Timeline,Legacy v0.16 inclusion; normalized from one or more historically significant timeline records.,Historical chronology,,Major Late Bronze Age synchronization figure.
ENT-0280,HT-0280,Battle of Kadesh,Battle of Kadesh,Battle,Battle,Egyptian / Hittite,REG-0218,Timeline,Legacy v0.16 inclusion; normalized from one or more historically significant timeline records.,Historical chronology,,Outcome represented differently in royal propaganda.
ENT-0281,HT-0281,Hittite Empire — imperial phase,Hittite Empire — imperial phase,Empire,Empire,Hittite,REG-0015,Timeline,Legacy v0.16 inclusion; normalized from one or more historically significant timeline records.,Historical chronology,,Chronology broad.
ENT-0282,HT-0282,Minoan civilization,Minoan civilization,Civilization / archaeological culture,Civilization / archaeological culture,Minoan,REG-0071,Timeline,Legacy v0.16 inclusion; normalized from one or more historically significant timeline records.,Archaeological chronology,,Source refinement needed; broad backbone.
ENT-0283,HT-0283,Mycenaean civilization,Mycenaean civilization,Civilization / archaeological culture,Civilization / archaeological culture,Mycenaean Greek,REG-0001,Timeline,Legacy v0.16 inclusion; normalized from one or more historically significant timeline records.,Archaeological chronology,,Connect separately to later Homeric traditions.
ENT-0284,HT-0284,Linear B administrative writing,Linear B administrative writing,Writing system / archive tradition,Writing system / archive tradition,Mycenaean Greek,REG-0001,Timeline,Legacy v0.16 inclusion; normalized from one or more historically significant timeline records.,Archaeological / textual chronology,,Physical tablet corpora later selective.
ENT-0285,HT-0285,Shang dynasty,Shang dynasty,Dynasty / state,Dynasty / state,Shang,REG-0066,Timeline,Legacy v0.16 inclusion; normalized from one or more historically significant timeline records.,Historical / archaeological chronology,,Early chronology approximate.
ENT-0286,HT-0286,Oracle bone inscriptions,Oracle bone inscriptions,Inscription / writing corpus,Inscription / writing corpus,Shang,REG-0066,Timeline,Legacy v0.16 inclusion; normalized from one or more historically significant timeline records.,Archaeological / textual chronology,,Corpus-level record.
ENT-0287,HT-0287,Indus script / seal tradition,Indus script / seal tradition,Writing / symbol corpus,Writing / symbol corpus,Harappan,REG-0124,Timeline,Legacy v0.16 inclusion; normalized from one or more historically significant timeline records.,Archaeological chronology,,Do not assert decipherment or language.
ENT-0288,HT-0288,Mohenjo-daro,Mohenjo-daro,City / archaeological site,City / archaeological site,Harappan,REG-0124,Timeline,Legacy v0.16 inclusion; normalized from one or more historically significant timeline records.,Archaeological chronology,,City-level feature.
ENT-0289,HT-0289,Bronze Age collapse / eastern Mediterranean systems crisis,Bronze Age collapse / eastern Mediterranean systems crisis,Regional systems crisis,Regional systems crisis,Late Bronze Age societies,REG-0084,Timeline,Legacy v0.16 inclusion; normalized from one or more historically significant timeline records.,Archaeological / historical chronology,,Causes remain debated; avoid single-cause explanation.
ENT-0290,HT-0290,Sea Peoples references in Egyptian records,Sea Peoples references in Egyptian records,Textual / military event complex,Textual / military event complex,Egyptian / eastern Mediterranean,REG-0080,Timeline,Legacy v0.16 inclusion; normalized from one or more historically significant timeline records.,Historical / inscription chronology,,Modern umbrella label; identities and movements disputed.
ENT-0291,HT-0291,Trojan War — traditional Greek chronology,Trojan War — traditional Greek chronology,Traditional / legendary event,Traditional / legendary event,Greek epic tradition,REG-0221,Timeline,Legacy v0.16 inclusion; normalized from one or more historically significant timeline records.,Traditional / ancient chronological claim,,Traditional claim distinct from archaeology at Hisarlık.
ENT-0292,HT-0292,Achilles,Achilles,Legendary / epic figure,Legendary / epic figure,Greek epic tradition,REG-0002,Timeline,Legacy v0.16 inclusion; normalized from one or more historically significant timeline records.,Traditional / literary chronology,,No fabricated birth/death years.
ENT-0293,HT-0293,Odysseus,Odysseus,Legendary / epic figure,Legendary / epic figure,Greek epic tradition,REG-0136,Timeline,Legacy v0.16 inclusion; normalized from one or more historically significant timeline records.,Traditional / literary chronology,,Figure separate from composition of Odyssey.
ENT-0294,HT-0294,Homeric epics — major composition/formative period,Homeric epics — major composition/formative period,Text / oral-literary tradition,Text / oral-literary tradition,Greek,REG-0001,Timeline,Legacy v0.16 inclusion; normalized from one or more historically significant timeline records.,Literary / scholarly chronology,,Person 'Homer' and textual formation should remain analytically distinct.
ENT-0295,HT-0295,Atlantis destruction — date claimed by Plato's narrative,Atlantis destruction — date claimed by Plato's narrative,Traditional / literary date claim,Traditional / literary date claim,Platonic tradition,REG-0031,Timeline,Legacy v0.16 inclusion; normalized from one or more historically significant timeline records.,Literary / claimed chronology,,Explicitly separate claim date from composition date and existence question.
ENT-0296,HT-0296,Plato's Timaeus and Critias — Atlantis narratives,Plato's Timaeus and Critias — Atlantis narratives,Text / philosophical-literary work,Text / philosophical-literary work,Greek / Platonic,REG-0023,Timeline,Legacy v0.16 inclusion; normalized from one or more historically significant timeline records.,Textual chronology,,Text composition distinct from narrative event date.
ENT-0297,HT-0297,Abraham — traditional biblical chronology,Abraham — traditional biblical chronology,Traditional / religious figure,Traditional / religious figure,Biblical / Abrahamic,REG-0148,Timeline,Legacy v0.16 inclusion; normalized from one or more historically significant timeline records.,Traditional / scriptural chronology,,Do not assign a single lifespan until chronology systems are modeled separately.
ENT-0298,HT-0298,Moses — traditional biblical chronology,Moses — traditional biblical chronology,Traditional / religious figure,Traditional / religious figure,Biblical / Israelite,REG-0089,Timeline,Legacy v0.16 inclusion; normalized from one or more historically significant timeline records.,Traditional / scriptural chronology,,Separate traditional chronology from historical/archaeological debates.
ENT-0299,HT-0299,David — traditional/biblical royal chronology,David — traditional/biblical royal chronology,Traditional / historical figure,Traditional / historical figure,Israelite / biblical,REG-0147,Timeline,Legacy v0.16 inclusion; normalized from one or more historically significant timeline records.,Traditional / historical chronology,,DateClaims later separate biblical regnal reconstruction and archaeological evidence.
ENT-0300,HT-0300,Solomon — traditional biblical royal chronology,Solomon — traditional biblical royal chronology,Traditional / religious-historical figure,Traditional / religious-historical figure,Israelite / biblical,REG-0147,Timeline,Legacy v0.16 inclusion; normalized from one or more historically significant timeline records.,Traditional / scriptural chronology,,Historical scope and chronology debated; preserve tradition separately.
ENT-0301,HT-0301,Kingdom of Israel — northern kingdom,Kingdom of Israel — northern kingdom,Kingdom,Kingdom,Israelite,REG-0147,Timeline,Legacy v0.16 inclusion; normalized from one or more historically significant timeline records.,Historical / biblical chronology,,Regnal details require separate synchronized king list.
ENT-0302,HT-0302,Kingdom of Judah,Kingdom of Judah,Kingdom,Kingdom,Judahite / biblical,REG-0147,Timeline,Legacy v0.16 inclusion; normalized from one or more historically significant timeline records.,Historical / biblical chronology,,Early united-monarchy chronology remains separately classified.
ENT-0303,HT-0303,Assyrian conquest of Samaria,Assyrian conquest of Samaria,Conquest / political transition,Conquest / political transition,Neo-Assyrian / Israelite,REG-0147,Timeline,Legacy v0.16 inclusion; normalized from one or more historically significant timeline records.,Historical chronology,,Hard Levant/Mesopotamia synchronization anchor.
ENT-0304,HT-0304,Babylonian destruction of Jerusalem and First Temple,Babylonian destruction of Jerusalem and First Temple,Conquest / destruction,Conquest / destruction,Neo-Babylonian / Judahite,REG-0139,Timeline,Legacy v0.16 inclusion; normalized from one or more historically significant timeline records.,Historical / biblical chronology,,Some chronologies use 587 BCE; DateClaims should preserve both.
ENT-0305,HT-0305,Babylonian Exile,Babylonian Exile,Forced migration / religious-historical period,Forced migration / religious-historical period,Judahite / Jewish,REG-0036,Timeline,Legacy v0.16 inclusion; normalized from one or more historically significant timeline records.,Historical / biblical chronology,,Not all Judeans were deported.
ENT-0306,HT-0306,Achaemenid Persian Empire,Achaemenid Persian Empire,Empire,Empire,Achaemenid Persian,REG-0239,Timeline,Legacy v0.16 inclusion; normalized from one or more historically significant timeline records.,Historical chronology,,Major transregional backbone.
ENT-0307,HT-0307,Cyrus II the Great,Cyrus II the Great,Ruler,Ruler,Achaemenid Persian,REG-0234,Timeline,Legacy v0.16 inclusion; normalized from one or more historically significant timeline records.,Historical chronology,,Biblical traditions also portray Cyrus as permitting Judean return.
ENT-0308,HT-0310,Second Temple completed,Second Temple completed,Religious / architectural event,Religious / architectural event,Jewish / Persian-period Judea,REG-0139,Timeline,Legacy v0.16 inclusion; normalized from one or more historically significant timeline records.,Historical / biblical chronology,,Traditional dating varies slightly.
ENT-0309,HT-0312,Analects — formative compilation tradition,Analects — formative compilation tradition,Text / philosophical tradition,Text / philosophical tradition,Confucian,REG-0066,Timeline,Legacy v0.16 inclusion; normalized from one or more historically significant timeline records.,Textual chronology,,Do not date entire text to Confucius's lifetime.
ENT-0310,HT-0313,Laozi — traditional figure,Laozi — traditional figure,Traditional / philosophical figure,Traditional / philosophical figure,Daoist,REG-0066,Timeline,Legacy v0.16 inclusion; normalized from one or more historically significant timeline records.,Traditional / literary chronology,,No fabricated lifespan.
ENT-0311,HT-0314,Daodejing — composition tradition,Daodejing — composition tradition,Text / philosophical work,Text / philosophical work,Daoist,REG-0066,Timeline,Legacy v0.16 inclusion; normalized from one or more historically significant timeline records.,Textual chronology,,Figure and text explicitly separate.
ENT-0313,HT-0316,Early Buddhism,Early Buddhism,Religious / philosophical tradition,Religious / philosophical tradition,Buddhist,REG-0204,Timeline,Legacy v0.16 inclusion; normalized from one or more historically significant timeline records.,Historical / religious chronology,,Do not equate later canons directly with earliest oral teachings.
ENT-0314,HT-0318,Mahajanapadas,Mahajanapadas,Polities / historical period,Polities / historical period,South Asian,REG-0185,Timeline,Legacy v0.16 inclusion; normalized from one or more historically significant timeline records.,Historical chronology,,Strong political context for Buddha and Mahavira.
ENT-0315,HT-0320,Edicts of Ashoka,Edicts of Ashoka,Inscription corpus,Inscription corpus,Mauryan,REG-0204,Timeline,Legacy v0.16 inclusion; normalized from one or more historically significant timeline records.,Historical / inscription chronology,,Corpus-level record; individual inscriptions later selective.
ENT-0316,HT-0321,Socrates,Socrates,Philosopher,Philosopher,Greek,REG-0023,Timeline,Legacy v0.16 inclusion; normalized from one or more historically significant timeline records.,Historical chronology,,No surviving writings by Socrates.
ENT-0317,HT-0323,Aristotle,Aristotle,Philosopher / scientist,Philosopher / scientist,Greek,REG-0114,Timeline,Legacy v0.16 inclusion; normalized from one or more historically significant timeline records.,Historical chronology,,Teacher of Alexander.
ENT-0318,HT-0324,Alexander III / Alexander the Great,Alexander III / Alexander the Great,Ruler / conqueror,Ruler / conqueror,Macedonian,REG-0083,Timeline,Legacy v0.16 inclusion; normalized from one or more historically significant timeline records.,Historical chronology,,Major cross-regional synchronization figure.
ENT-0319,HT-0325,Hellenistic period,Hellenistic period,Historical / cultural period,Historical / cultural period,Hellenistic,REG-0158,Timeline,Legacy v0.16 inclusion; normalized from one or more historically significant timeline records.,Historical chronology,,Regional endpoints vary.
ENT-0320,HT-0326,Roman Republic,Roman Republic,State / political period,State / political period,Roman,REG-0155,Timeline,Legacy v0.16 inclusion; normalized from one or more historically significant timeline records.,Historical / traditional chronology,,Traditional founding chronology.
ENT-0321,HT-0327,Julius Caesar,Julius Caesar,Political / military figure,Political / military figure,Roman,REG-0155,Timeline,Legacy v0.16 inclusion; normalized from one or more historically significant timeline records.,Historical chronology,,Person record.
ENT-0322,HT-0329,Roman Empire — Principate and imperial era,Roman Empire — Principate and imperial era,Empire,Empire,Roman,REG-0156,Timeline,Legacy v0.16 inclusion; normalized from one or more historically significant timeline records.,Historical chronology,,"476 applies to western imperial office, not eastern Roman state."
ENT-0323,HT-0330,Cleopatra VII,Cleopatra VII,Ruler,Ruler,Ptolemaic Egyptian / Macedonian Greek,REG-0086,Timeline,Legacy v0.16 inclusion; normalized from one or more historically significant timeline records.,Historical chronology,,High-value overlap figure.
ENT-0324,HT-0331,Hasmonean dynasty / kingdom,Hasmonean dynasty / kingdom,Dynasty / kingdom,Dynasty / kingdom,Jewish / Hasmonean,REG-0140,Timeline,Legacy v0.16 inclusion; normalized from one or more historically significant timeline records.,Historical chronology,,Maccabean revolt begins earlier.
ENT-0325,HT-0332,Herod the Great,Herod the Great,Ruler,Ruler,Herodian / Judean,REG-0140,Timeline,Legacy v0.16 inclusion; normalized from one or more historically significant timeline records.,Historical chronology,,"Reign record, not lifespan."
ENT-0326,HT-0333,Dead Sea Scrolls — manuscript corpus,Dead Sea Scrolls — manuscript corpus,Manuscript corpus,Manuscript corpus,Jewish / Second Temple,REG-0144,Timeline,Legacy v0.16 inclusion; normalized from one or more historically significant timeline records.,Manuscript / paleographic-radiocarbon chronology,,Corpus record; individual works/manuscripts remain separate.
ENT-0327,HT-0334,1 Enoch / Enochic literary tradition,1 Enoch / Enochic literary tradition,Text / religious-literary tradition,Text / religious-literary tradition,Jewish / Enochic,REG-0201,Timeline,Legacy v0.16 inclusion; normalized from one or more historically significant timeline records.,Textual chronology,,Figure Enoch must remain separate from literary composition and physical copies.
ENT-0328,HT-0335,Great Isaiah Scroll (1QIsaᵃ),Great Isaiah Scroll (1QIsaᵃ),Manuscript,Manuscript,Jewish / biblical,REG-0193,Timeline,Legacy v0.16 inclusion; normalized from one or more historically significant timeline records.,Manuscript chronology,,"Physical manuscript, not date of Isaiah's composition."
ENT-0329,HT-0336,Community Rule (Serekh ha-Yahad) manuscript tradition,Community Rule (Serekh ha-Yahad) manuscript tradition,Text / manuscript tradition,Text / manuscript tradition,Jewish / Qumran sectarian,REG-0193,Timeline,Legacy v0.16 inclusion; normalized from one or more historically significant timeline records.,Textual / manuscript chronology,,Qumran-Essene identification should remain qualified.
ENT-0332,HT-0339,Early Christian movement,Early Christian movement,Religious movement,Religious movement,Christian,REG-0080,Timeline,Legacy v0.16 inclusion; normalized from one or more historically significant timeline records.,Historical / religious chronology,,Later doctrinal diversity needs separate records.
ENT-0333,HT-0340,Paul the Apostle,Paul the Apostle,Religious / historical figure / author,Religious / historical figure / author,Early Christian / Jewish,REG-0080,Timeline,Legacy v0.16 inclusion; normalized from one or more historically significant timeline records.,Historical / religious chronology,,Authentic vs disputed Pauline letters later separate.
ENT-0337,HT-0344,Emperor Wu of Han,Emperor Wu of Han,Ruler,Ruler,Western Han,REG-0066,Timeline,Legacy v0.16 inclusion; normalized from one or more historically significant timeline records.,Historical chronology,,Reign uses BCE convention.
ENT-0338,HT-0347,Kush / Meroitic kingdom — major phase,Kush / Meroitic kingdom — major phase,Kingdom / civilization,Kingdom / civilization,Kushite / Meroitic,REG-0186,Timeline,Legacy v0.16 inclusion; normalized from one or more historically significant timeline records.,Historical / archaeological chronology,,Complements earlier Kush records; later reconcile duplicates.
ENT-0339,HT-0348,Olmec colossal-head / ceremonial-center florescence,Olmec colossal-head / ceremonial-center florescence,Art / civilization feature,Art / civilization feature,Olmec,REG-0159,Timeline,Legacy v0.16 inclusion; normalized from one or more historically significant timeline records.,Archaeological chronology,,May overlap existing Olmec backbone; later normalize duplicates.
ENT-0340,HT-0349,Chavín de Huántar florescence,Chavín de Huántar florescence,Religious / ceremonial center,Religious / ceremonial center,Chavín,REG-0018,Timeline,Legacy v0.16 inclusion; normalized from one or more historically significant timeline records.,Archaeological chronology,,Feature record; reconcile with existing Chavín culture bar.
ENT-0341,HT-0350,Adena mound-building tradition,Adena mound-building tradition,Archaeological culture,Archaeological culture,Adena,REG-0085,Timeline,Legacy v0.16 inclusion; normalized from one or more historically significant timeline records.,Archaeological chronology,,Existing Adena record may overlap; retain pending deduplication.
ENT-0342,HT-0351,Sasanian Empire,Sasanian Empire,Empire,Empire,Sasanian Persian,REG-0128,Timeline,Legacy v0.16 inclusion; normalized from one or more historically significant timeline records.,Historical chronology,,Core late-antique West Asian backbone.
ENT-0343,HT-0352,Khosrow I Anushirvan,Khosrow I Anushirvan,Ruler,Ruler,Sasanian Persian,REG-0127,Timeline,Legacy v0.16 inclusion; normalized from one or more historically significant timeline records.,Historical chronology,,Reign record.
ENT-0344,HT-0354,Hagia Sophia — Justinianic church,Hagia Sophia — Justinianic church,Architecture / religious monument,Architecture / religious monument,Byzantine Christian,REG-0070,Timeline,Legacy v0.16 inclusion; normalized from one or more historically significant timeline records.,Historical / architectural chronology,,Building's later mosque/museum/mosque phases require separate reception records.
ENT-0345,HT-0355,Byzantine–Sasanian War of 602–628,Byzantine–Sasanian War of 602–628,War,War,Byzantine / Sasanian,REG-0084,Timeline,Legacy v0.16 inclusion; normalized from one or more historically significant timeline records.,Historical chronology,,Major transition context.
ENT-0346,HT-0357,Hijra,Hijra,Religious / political event,Religious / political event,Early Islamic,REG-0020,Timeline,Legacy v0.16 inclusion; normalized from one or more historically significant timeline records.,Historical / religious chronology,,Hard synchronization anchor.
ENT-0347,HT-0358,Rashidun Caliphate,Rashidun Caliphate,Caliphate / state,Caliphate / state,Early Islamic,REG-0021,Timeline,Legacy v0.16 inclusion; normalized from one or more historically significant timeline records.,Historical chronology,,Regional conquest chronologies vary.
ENT-0348,HT-0359,Umayyad Caliphate,Umayyad Caliphate,Caliphate / empire,Caliphate / empire,Umayyad Islamic,REG-0236,Timeline,Legacy v0.16 inclusion; normalized from one or more historically significant timeline records.,Historical chronology,,Major transcontinental backbone.
ENT-0349,HT-0360,Dome of the Rock,Dome of the Rock,Architecture / religious monument,Architecture / religious monument,Umayyad Islamic,REG-0139,Timeline,Legacy v0.16 inclusion; normalized from one or more historically significant timeline records.,Historical / architectural chronology,,Inscriptional program later separate.
ENT-0350,HT-0361,Abbasid Caliphate,Abbasid Caliphate,Caliphate / empire,Caliphate / empire,Abbasid Islamic,REG-0238,Timeline,Legacy v0.16 inclusion; normalized from one or more historically significant timeline records.,Historical chronology,,Political authority fragmented long before 1258.
ENT-0351,HT-0362,Baghdad founded as Abbasid capital,Baghdad founded as Abbasid capital,City / political event,City / political event,Abbasid Islamic,REG-0131,Timeline,Legacy v0.16 inclusion; normalized from one or more historically significant timeline records.,Historical chronology,,Major urban/intellectual anchor.
ENT-0352,HT-0363,Al-Ma'mun and Abbasid translation/science florescence,Al-Ma'mun and Abbasid translation/science florescence,Ruler / intellectual period,Ruler / intellectual period,Abbasid Islamic,REG-0037,Timeline,Legacy v0.16 inclusion; normalized from one or more historically significant timeline records.,Historical chronology,,Avoid reducing broader translation movement to one institution/person.
ENT-0353,HT-0364,Byzantine Iconoclasm,Byzantine Iconoclasm,Religious / political controversy,Religious / political controversy,Byzantine Christian,REG-0050,Timeline,Legacy v0.16 inclusion; normalized from one or more historically significant timeline records.,Historical / religious chronology,,Two iconoclast phases; broad bar.
ENT-0354,HT-0365,First Bulgarian Empire,First Bulgarian Empire,Kingdom / empire,Kingdom / empire,Bulgarian,REG-0038,Timeline,Legacy v0.16 inclusion; normalized from one or more historically significant timeline records.,Historical chronology,,Political boundaries changed substantially.
ENT-0355,HT-0366,Christianization of Bulgaria,Christianization of Bulgaria,Religious / political transition,Religious / political transition,Bulgarian / Orthodox Christian,REG-0038,Timeline,Legacy v0.16 inclusion; normalized from one or more historically significant timeline records.,Historical / religious chronology,,"Process, not single-day conversion of population."
ENT-0356,HT-0367,Cyril and Methodius mission,Cyril and Methodius mission,Religious / linguistic mission,Religious / linguistic mission,Slavic Christian / Byzantine,REG-0056,Timeline,Legacy v0.16 inclusion; normalized from one or more historically significant timeline records.,Historical chronology,,Glagolitic precedes Cyrillic; avoid conflation.
ENT-0357,HT-0368,Carolingian Empire,Carolingian Empire,Empire,Empire,Frankish / Carolingian,REG-0240,Timeline,Legacy v0.16 inclusion; normalized from one or more historically significant timeline records.,Historical chronology,,Frankish Carolingian rule begins before imperial coronation.
ENT-0358,HT-0369,Charlemagne crowned emperor,Charlemagne crowned emperor,Political / religious event,Political / religious event,Carolingian / Latin Christian,REG-0196,Timeline,Legacy v0.16 inclusion; normalized from one or more historically significant timeline records.,Historical chronology,,Interpretations of imperial title varied.
ENT-0359,HT-0371,Norse settlement at L'Anse aux Meadows,Norse settlement at L'Anse aux Meadows,Settlement / archaeological site,Settlement / archaeological site,Norse,REG-0170,Timeline,Legacy v0.16 inclusion; normalized from one or more historically significant timeline records.,Archaeological chronology,,Exact occupation duration remains limited/uncertain.
ENT-0360,HT-0372,Kingdom of Aksum,Kingdom of Aksum,Kingdom / empire,Kingdom / empire,Aksumite,REG-0121,Timeline,Legacy v0.16 inclusion; normalized from one or more historically significant timeline records.,Historical / archaeological chronology,,Political decline chronology varies.
ENT-0361,HT-0373,Aksumite adoption of Christianity under Ezana,Aksumite adoption of Christianity under Ezana,Religious / political transition,Religious / political transition,Aksumite Christian,REG-0120,Timeline,Legacy v0.16 inclusion; normalized from one or more historically significant timeline records.,Historical / inscription chronology,,Exact date range approximate.
ENT-0362,HT-0374,Ghana Empire / Wagadou — major phase,Ghana Empire / Wagadou — major phase,Empire,Empire,Soninke / West African,REG-0231,Timeline,Legacy v0.16 inclusion; normalized from one or more historically significant timeline records.,Historical chronology,,Origins and endpoints approximate; distinguish from modern Ghana.
ENT-0363,HT-0375,Trans-Saharan trade expansion,Trans-Saharan trade expansion,Trade network / process,Trade network / process,African / Islamic commercial networks,REG-0198,Timeline,Legacy v0.16 inclusion; normalized from one or more historically significant timeline records.,Historical / economic chronology,,Long process; earlier Saharan exchange existed.
ENT-0364,HT-0377,Xuanzang pilgrimage to India,Xuanzang pilgrimage to India,Travel / religious exchange,Travel / religious exchange,Buddhist / Tang Chinese,REG-0067,Timeline,Legacy v0.16 inclusion; normalized from one or more historically significant timeline records.,Historical chronology,,High-value cross-cultural synchronization record.
ENT-0365,HT-0378,An Lushan Rebellion,An Lushan Rebellion,Rebellion / civil war,Rebellion / civil war,Tang Chinese,REG-0066,Timeline,Legacy v0.16 inclusion; normalized from one or more historically significant timeline records.,Historical chronology,,Major global 8th-century event.
ENT-0366,HT-0379,Nara period,Nara period,Historical / cultural period,Historical / cultural period,Japanese,REG-0137,Timeline,Legacy v0.16 inclusion; normalized from one or more historically significant timeline records.,Historical chronology,,Period record.
ENT-0367,HT-0380,Heian period,Heian period,Historical / cultural period,Historical / cultural period,Japanese,REG-0137,Timeline,Legacy v0.16 inclusion; normalized from one or more historically significant timeline records.,Historical chronology,,Political authority shifted over period.
ENT-0368,HT-0381,The Tale of Genji,The Tale of Genji,Literary text,Literary text,Japanese / Heian,REG-0137,Timeline,Legacy v0.16 inclusion; normalized from one or more historically significant timeline records.,Textual chronology,,Composition date approximate.
ENT-0369,HT-0382,Gupta Empire,Gupta Empire,Empire,Empire,Gupta,REG-0204,Timeline,Legacy v0.16 inclusion; normalized from one or more historically significant timeline records.,Historical chronology,,Imperial reach and endpoint varied regionally.
ENT-0370,HT-0383,Aryabhata,Aryabhata,Mathematician / astronomer,Mathematician / astronomer,Indian,REG-0204,Timeline,Legacy v0.16 inclusion; normalized from one or more historically significant timeline records.,Historical chronology,,Death date approximate.
ENT-0371,HT-0384,Pallava dynasty — major phase,Pallava dynasty — major phase,Dynasty / kingdom,Dynasty / kingdom,Pallava,REG-0205,Timeline,Legacy v0.16 inclusion; normalized from one or more historically significant timeline records.,Historical chronology,,Chronology simplified to major phase.
ENT-0372,HT-0385,Chola imperial expansion — early major phase,Chola imperial expansion — early major phase,Empire / dynasty,Empire / dynasty,Chola,REG-0206,Timeline,Legacy v0.16 inclusion; normalized from one or more historically significant timeline records.,Historical chronology,,Dynastic roots are older; bar emphasizes imperial resurgence.
ENT-0373,HT-0386,Rajaraja I,Rajaraja I,Ruler,Ruler,Chola,REG-0205,Timeline,Legacy v0.16 inclusion; normalized from one or more historically significant timeline records.,Historical chronology,,Reign record.
ENT-0374,HT-0387,Srivijaya,Srivijaya,Maritime polity / empire,Maritime polity / empire,Malay / Buddhist,REG-0207,Timeline,Legacy v0.16 inclusion; normalized from one or more historically significant timeline records.,Historical chronology,,Political form and territorial extent varied.
ENT-0375,HT-0388,Borobudur,Borobudur,Architecture / Buddhist monument,Architecture / Buddhist monument,Sailendra / Buddhist,REG-0138,Timeline,Legacy v0.16 inclusion; normalized from one or more historically significant timeline records.,Archaeological / architectural chronology,,Construction range approximate.
ENT-0376,HT-0389,Khmer Empire / Angkorian period,Khmer Empire / Angkorian period,Empire / civilization,Empire / civilization,Khmer,REG-0151,Timeline,Legacy v0.16 inclusion; normalized from one or more historically significant timeline records.,Historical chronology,,Political influence varied across centuries.
ENT-0377,HT-0392,Tikal — Classic florescence,Tikal — Classic florescence,City / polity,City / polity,Maya,REG-0116,Timeline,Legacy v0.16 inclusion; normalized from one or more historically significant timeline records.,Archaeological / inscription chronology,,Occupation extends beyond Classic phase.
ENT-0378,HT-0393,Maya Long Count monumental inscriptions,Maya Long Count monumental inscriptions,Writing / calendrical corpus,Writing / calendrical corpus,Maya,REG-0159,Timeline,Legacy v0.16 inclusion; normalized from one or more historically significant timeline records.,Epigraphic chronology,,Earliest secure dates and regional examples require specialist epigraphy later.
ENT-0379,HT-0394,Teotihuacan — major urban florescence,Teotihuacan — major urban florescence,City / civilization,City / civilization,Teotihuacan,REG-0064,Timeline,Legacy v0.16 inclusion; normalized from one or more historically significant timeline records.,Archaeological chronology,,Population estimates later source separately.
ENT-0380,HT-0395,Teotihuacan–Maya political interaction,Teotihuacan–Maya political interaction,Interregional interaction,Interregional interaction,Teotihuacan / Maya,REG-0159,Timeline,Legacy v0.16 inclusion; normalized from one or more historically significant timeline records.,Epigraphic / archaeological chronology,,Nature of intervention remains debated.
ENT-0381,HT-0396,Moche culture,Moche culture,Archaeological culture / polities,Archaeological culture / polities,Moche,REG-0180,Timeline,Legacy v0.16 inclusion; normalized from one or more historically significant timeline records.,Archaeological chronology,,Not necessarily one unified empire.
ENT-0382,HT-0397,Moche royal tombs at Sipán,Moche royal tombs at Sipán,Archaeological site / burials,Archaeological site / burials,Moche,REG-0190,Timeline,Legacy v0.16 inclusion; normalized from one or more historically significant timeline records.,Archaeological chronology,,Individual tomb dates later refine.
ENT-0383,HT-0398,Tiwanaku state / cultural sphere,Tiwanaku state / cultural sphere,State / civilization,State / civilization,Tiwanaku,REG-0061,Timeline,Legacy v0.16 inclusion; normalized from one or more historically significant timeline records.,Archaeological chronology,,Chronology approximate.
ENT-0384,HT-0399,Wari state,Wari state,State / civilization,State / civilization,Wari,REG-0061,Timeline,Legacy v0.16 inclusion; normalized from one or more historically significant timeline records.,Archaeological chronology,,Contemporary with Tiwanaku; relationship complex.
ENT-0385,HT-0400,Hopewell Interaction Sphere — major phase,Hopewell Interaction Sphere — major phase,Archaeological tradition / exchange network,Archaeological tradition / exchange network,Hopewell,REG-0085,Timeline,Legacy v0.16 inclusion; normalized from one or more historically significant timeline records.,Archaeological chronology,,Not a single centralized state.
ENT-0386,HT-0401,Song dynasty — Northern and Southern,Song dynasty — Northern and Southern,Dynasty / empire,Dynasty / empire,Song Chinese,REG-0066,Timeline,Legacy v0.16 inclusion; normalized from one or more historically significant timeline records.,Historical chronology,,Later normalize Northern/Southern Song as separate date claims or entities.
ENT-0387,HT-0402,Bi Sheng and movable ceramic type,Bi Sheng and movable ceramic type,Technology / printing milestone,Technology / printing milestone,Song Chinese,REG-0066,Timeline,Legacy v0.16 inclusion; normalized from one or more historically significant timeline records.,Historical / technological chronology,,Woodblock printing predates this; distinct from later European metal type.
ENT-0388,HT-0403,Zhu Xi,Zhu Xi,Philosopher / scholar,Philosopher / scholar,Neo-Confucian,REG-0066,Timeline,Legacy v0.16 inclusion; normalized from one or more historically significant timeline records.,Historical chronology,,Person record.
ENT-0389,HT-0404,Genghis Khan / Temujin,Genghis Khan / Temujin,Ruler / conqueror,Ruler / conqueror,Mongol,REG-0055,Timeline,Legacy v0.16 inclusion; normalized from one or more historically significant timeline records.,Historical chronology,,Birth year traditionally c.1162; some uncertainty.
ENT-0390,HT-0405,Mongol Empire,Mongol Empire,Empire,Empire,Mongol,REG-0094,Timeline,Legacy v0.16 inclusion; normalized from one or more historically significant timeline records.,Historical chronology,,Successor khanates diverged politically; broad bar.
ENT-0391,HT-0406,Khubilai Khan,Khubilai Khan,Ruler,Ruler,Mongol / Yuan,REG-0068,Timeline,Legacy v0.16 inclusion; normalized from one or more historically significant timeline records.,Historical chronology,,Person record.
ENT-0392,HT-0408,Mongol invasions of Japan,Mongol invasions of Japan,War / invasion attempts,War / invasion attempts,Mongol-Yuan / Japanese,REG-0137,Timeline,Legacy v0.16 inclusion; normalized from one or more historically significant timeline records.,Historical chronology,,Two discrete campaigns represented as one backbone record.
ENT-0393,HT-0409,Avicenna / Ibn Sina,Avicenna / Ibn Sina,Physician / philosopher,Physician / philosopher,Persian / Islamic intellectual,REG-0058,Timeline,Legacy v0.16 inclusion; normalized from one or more historically significant timeline records.,Historical chronology,,High-value 1000 CE contemporary.
ENT-0394,HT-0410,Al-Biruni,Al-Biruni,Scholar / scientist,Scholar / scientist,Khwarazmian / Islamic intellectual,REG-0057,Timeline,Legacy v0.16 inclusion; normalized from one or more historically significant timeline records.,Historical chronology,,Strong cross-cultural science record.
ENT-0395,HT-0411,Ibn al-Haytham / Alhazen,Ibn al-Haytham / Alhazen,Scientist / mathematician,Scientist / mathematician,Arab / Islamic intellectual,REG-0087,Timeline,Legacy v0.16 inclusion; normalized from one or more historically significant timeline records.,Historical chronology,,Dates approximate.
ENT-0396,HT-0412,Seljuk Empire — major phase,Seljuk Empire — major phase,Empire,Empire,Seljuk Turkic / Persianate Islamic,REG-0230,Timeline,Legacy v0.16 inclusion; normalized from one or more historically significant timeline records.,Historical chronology,,Branches require later separation.
ENT-0397,HT-0413,Battle of Manzikert,Battle of Manzikert,Battle,Battle,Byzantine / Seljuk,REG-0012,Timeline,Legacy v0.16 inclusion; normalized from one or more historically significant timeline records.,Historical chronology,,Do not portray as instant Turkification of Anatolia.
ENT-0398,HT-0414,First Crusade,First Crusade,War / religious expedition,War / religious expedition,Latin Christian / Muslim and Eastern Christian polities,REG-0080,Timeline,Legacy v0.16 inclusion; normalized from one or more historically significant timeline records.,Historical chronology,,Regional actors and motivations were diverse.
ENT-0399,HT-0415,Crusader states in Levant,Crusader states in Levant,States / political period,States / political period,Latin Christian / Levantine,REG-0147,Timeline,Legacy v0.16 inclusion; normalized from one or more historically significant timeline records.,Historical chronology,,Avoid binary civilization framing.
ENT-0400,HT-0416,Saladin,Saladin,Ruler / military leader,Ruler / military leader,Ayyubid Kurdish / Islamic,REG-0090,Timeline,Legacy v0.16 inclusion; normalized from one or more historically significant timeline records.,Historical chronology,,Person record.
ENT-0401,HT-0418,Mansa Musa,Mansa Musa,Ruler,Ruler,Mali / Mande,REG-0231,Timeline,Legacy v0.16 inclusion; normalized from one or more historically significant timeline records.,Historical chronology,,Reign dates approximate.
ENT-0402,HT-0419,Mansa Musa pilgrimage,Mansa Musa pilgrimage,Travel / diplomatic-religious event,Travel / diplomatic-religious event,Mali / Islamic,REG-0233,Timeline,Legacy v0.16 inclusion; normalized from one or more historically significant timeline records.,Historical chronology,,Feature synchronization event.
ENT-0403,HT-0420,Great Zimbabwe — major florescence,Great Zimbabwe — major florescence,City / state / archaeological complex,City / state / archaeological complex,Shona-associated southern African,REG-0211,Timeline,Legacy v0.16 inclusion; normalized from one or more historically significant timeline records.,Archaeological / historical chronology,,Ethnohistorical linkage should be phrased cautiously.
ENT-0404,HT-0421,Kilwa Kisiwani — major Swahili florescence,Kilwa Kisiwani — major Swahili florescence,City-state / trade center,City-state / trade center,Swahili,REG-0075,Timeline,Legacy v0.16 inclusion; normalized from one or more historically significant timeline records.,Historical / archaeological chronology,,Part of wider Swahili urban network.
ENT-0405,HT-0422,Delhi Sultanate,Delhi Sultanate,Sultanate / state,Sultanate / state,Indo-Islamic,REG-0179,Timeline,Legacy v0.16 inclusion; normalized from one or more historically significant timeline records.,Historical chronology,,Multiple dynasties later separable.
ENT-0406,HT-0423,Vijayanagara Empire,Vijayanagara Empire,Empire,Empire,South Indian,REG-0205,Timeline,Legacy v0.16 inclusion; normalized from one or more historically significant timeline records.,Historical chronology,,Political contraction preceded formal endpoint.
ENT-0407,HT-0424,Majapahit Empire,Majapahit Empire,Maritime empire / polity,Maritime empire / polity,Javanese,REG-0207,Timeline,Legacy v0.16 inclusion; normalized from one or more historically significant timeline records.,Historical chronology,,Extent and tributary relationships require nuanced mapping.
ENT-0408,HT-0425,Angkor / Khmer imperial high period,Angkor / Khmer imperial high period,Empire / urban complex,Empire / urban complex,Khmer,REG-0052,Timeline,Legacy v0.16 inclusion; normalized from one or more historically significant timeline records.,Historical / archaeological chronology,,Overlaps earlier Khmer backbone intentionally pending normalization.
ENT-0409,HT-0426,Cahokia — major florescence,Cahokia — major florescence,City / ceremonial center,City / ceremonial center,Mississippian,REG-0085,Timeline,Legacy v0.16 inclusion; normalized from one or more historically significant timeline records.,Archaeological chronology,,NPS gives broader site occupation; this record emphasizes florescence.
ENT-0410,HT-0427,Mississippian cultural tradition — major phase,Mississippian cultural tradition — major phase,Archaeological tradition / societies,Archaeological tradition / societies,Mississippian,REG-0085,Timeline,Legacy v0.16 inclusion; normalized from one or more historically significant timeline records.,Archaeological chronology,,Not one ethnicity or empire.
ENT-0411,HT-0428,Chaco Canyon great-house system,Chaco Canyon great-house system,Regional ceremonial / settlement network,Regional ceremonial / settlement network,Ancestral Puebloan,REG-0213,Timeline,Legacy v0.16 inclusion; normalized from one or more historically significant timeline records.,Archaeological chronology,,Existing Chaco record later reconcile.
ENT-0412,HT-0430,Kupe and Toi — Māori settlement traditions,Kupe and Toi — Māori settlement traditions,Traditional figures / migration tradition,Traditional figures / migration tradition,Māori oral traditions,REG-0019,Timeline,Legacy v0.16 inclusion; normalized from one or more historically significant timeline records.,Traditional / oral chronology,,Traditional figures preserved without converting genealogy into false exact dates.
ENT-0413,HT-0431,Late Polynesian expansion to remote islands,Late Polynesian expansion to remote islands,Human migration / settlement,Human migration / settlement,Polynesian,REG-0189,Timeline,Legacy v0.16 inclusion; normalized from one or more historically significant timeline records.,Archaeological / migration chronology,,Individual island chronologies debated and should remain separate.
ENT-0414,HT-0432,Postclassic Maya period,Postclassic Maya period,Civilization / archaeological period,Civilization / archaeological period,Maya,REG-0159,Timeline,Legacy v0.16 inclusion; normalized from one or more historically significant timeline records.,Archaeological / historical chronology,,Rejects obsolete implication that Maya civilization ended c.900.
ENT-0415,HT-0433,Chichén Itzá — major florescence,Chichén Itzá — major florescence,City / polity,City / polity,Maya,REG-0245,Timeline,Legacy v0.16 inclusion; normalized from one or more historically significant timeline records.,Archaeological chronology,,Chronology simplified.
ENT-0416,HT-0434,Tenochtitlan founded — traditional Mexica date,Tenochtitlan founded — traditional Mexica date,City foundation / traditional-historical event,City foundation / traditional-historical event,Mexica / Aztec,REG-0064,Timeline,Legacy v0.16 inclusion; normalized from one or more historically significant timeline records.,Traditional / historical chronology,,Traditional foundation date preserved as such.
ENT-0417,HT-0435,Aztec Triple Alliance / imperial phase,Aztec Triple Alliance / imperial phase,Empire / alliance,Empire / alliance,Mexica-Texcoco-Tlacopan,REG-0064,Timeline,Legacy v0.16 inclusion; normalized from one or more historically significant timeline records.,Historical chronology,,Political system was tributary and multi-polity.
ENT-0418,HT-0436,Motecuhzoma I / Montezuma I,Motecuhzoma I / Montezuma I,Ruler,Ruler,Mexica / Aztec,REG-0064,Timeline,Legacy v0.16 inclusion; normalized from one or more historically significant timeline records.,Historical chronology,,Reign record.
ENT-0419,HT-0437,Inca imperial expansion under Pachacuti,Inca imperial expansion under Pachacuti,Empire / ruler transition,Empire / ruler transition,Inca,REG-0018,Timeline,Legacy v0.16 inclusion; normalized from one or more historically significant timeline records.,Historical / ethnohistorical chronology,,Dates based partly on later ethnohistorical reconstruction.
ENT-0420,HT-0438,Inca Empire / Tawantinsuyu,Inca Empire / Tawantinsuyu,Empire,Empire,Inca,REG-0018,Timeline,Legacy v0.16 inclusion; normalized from one or more historically significant timeline records.,Historical / ethnohistorical chronology,,Resistance and successor Neo-Inca state continued after 1533.
ENT-0421,HT-0439,Black Death — first major Eurasian/North African wave,Black Death — first major Eurasian/North African wave,Pandemic,Pandemic,Global / Afro-Eurasian,REG-0095,Timeline,Legacy v0.16 inclusion; normalized from one or more historically significant timeline records.,Historical / epidemiological chronology,,Geographic timing varied; later ancient-DNA layer can refine origins/spread.
ENT-0422,HT-0440,Ibn Battuta,Ibn Battuta,Traveler / scholar,Traveler / scholar,Moroccan / Islamic,REG-0008,Timeline,Legacy v0.16 inclusion; normalized from one or more historically significant timeline records.,Historical chronology,,Excellent cross-regional synchronization figure.
ENT-0423,HT-0441,Marco Polo,Marco Polo,Traveler / authorial tradition,Traveler / authorial tradition,Venetian,REG-0094,Timeline,Legacy v0.16 inclusion; normalized from one or more historically significant timeline records.,Historical chronology,,Account transmission/authorship questions can later be separated.
ENT-0424,HT-0442,Hundred Years' War,Hundred Years' War,War / dynastic conflict,War / dynastic conflict,English / French kingdoms,REG-0241,Timeline,Legacy v0.16 inclusion; normalized from one or more historically significant timeline records.,Historical chronology,,"Intermittent conflict, not continuous fighting."
ENT-0425,HT-0443,Joan of Arc,Joan of Arc,Military / religious figure,Military / religious figure,French,REG-0107,Timeline,Legacy v0.16 inclusion; normalized from one or more historically significant timeline records.,Historical chronology,,Person record.
ENT-0426,HT-0444,Ottoman capture of Constantinople,Ottoman capture of Constantinople,Conquest / political transition,Conquest / political transition,Ottoman / Byzantine,REG-0070,Timeline,Legacy v0.16 inclusion; normalized from one or more historically significant timeline records.,Historical chronology,,Byzantine cultural/religious continuities persist after political fall.
ENT-0427,HT-0446,Ming dynasty — early phase,Ming dynasty — early phase,Dynasty / empire,Dynasty / empire,Ming Chinese,REG-0066,Timeline,Legacy v0.16 inclusion; normalized from one or more historically significant timeline records.,Historical chronology,,Existing Ming record later normalize.
ENT-0428,HT-0447,Gunpowder weapons diffuse across Eurasia,Gunpowder weapons diffuse across Eurasia,Technology diffusion,Technology diffusion,Chinese / Eurasian,REG-0094,Timeline,Legacy v0.16 inclusion; normalized from one or more historically significant timeline records.,Technological chronology,,"Diffusion process, not single invention date."
ENT-0429,HT-0448,Magnetic compass in maritime navigation — major diffusion,Magnetic compass in maritime navigation — major diffusion,Technology / navigation,Technology / navigation,Chinese / Afro-Eurasian maritime,REG-0094,Timeline,Legacy v0.16 inclusion; normalized from one or more historically significant timeline records.,Technological chronology,,Earlier magnetism knowledge distinct from navigational use.
ENT-0430,HT-0449,University of Bologna — conventional founding tradition,University of Bologna — conventional founding tradition,Educational institution,Educational institution,Latin European,REG-0134,Timeline,Legacy v0.16 inclusion; normalized from one or more historically significant timeline records.,Institutional / traditional chronology,,Institution developed gradually; conventional date.
ENT-0431,HT-0450,Thomas Aquinas,Thomas Aquinas,Theologian / philosopher,Theologian / philosopher,Latin Christian,REG-0135,Timeline,Legacy v0.16 inclusion; normalized from one or more historically significant timeline records.,Historical chronology,,Major medieval intellectual figure.
ENT-0432,HT-0451,Leonardo da Vinci,Leonardo da Vinci,Artist / engineer / thinker,Artist / engineer / thinker,Italian Renaissance,REG-0134,Timeline,Legacy v0.16 inclusion; normalized from one or more historically significant timeline records.,Historical chronology,,Person record.
ENT-0433,HT-0452,Michelangelo,Michelangelo,Artist / architect,Artist / architect,Italian Renaissance,REG-0134,Timeline,Legacy v0.16 inclusion; normalized from one or more historically significant timeline records.,Historical chronology,,Person record.
ENT-0434,HT-0453,Martin Luther and Protestant Reformation,Martin Luther and Protestant Reformation,Religious / political movement,Religious / political movement,Protestant Christian,REG-0096,Timeline,Legacy v0.16 inclusion; normalized from one or more historically significant timeline records.,Historical / religious chronology,,Not one unified movement or single endpoint.
ENT-0435,HT-0458,Ottoman Empire — early modern imperial height,Ottoman Empire — early modern imperial height,Empire,Empire,Ottoman,REG-0209,Timeline,Legacy v0.16 inclusion; normalized from one or more historically significant timeline records.,Historical chronology,,Empire itself extends c.1299–1922.
ENT-0436,HT-0459,Süleyman I the Magnificent / Lawgiver,Süleyman I the Magnificent / Lawgiver,Ruler,Ruler,Ottoman,REG-0188,Timeline,Legacy v0.16 inclusion; normalized from one or more historically significant timeline records.,Historical chronology,,Reign record.
ENT-0437,HT-0460,Mimar Sinan,Mimar Sinan,Architect,Architect,Ottoman,REG-0188,Timeline,Legacy v0.16 inclusion; normalized from one or more historically significant timeline records.,Historical chronology,,Birth date approximate.
ENT-0438,HT-0461,Safavid Empire,Safavid Empire,Empire,Empire,Safavid Persian,REG-0126,Timeline,Legacy v0.16 inclusion; normalized from one or more historically significant timeline records.,Historical chronology,,Later brief restoration not included in main bar.
ENT-0439,HT-0462,Shah Ismail I,Shah Ismail I,Ruler,Ruler,Safavid Persian,REG-0125,Timeline,Legacy v0.16 inclusion; normalized from one or more historically significant timeline records.,Historical chronology,,Reign record.
ENT-0440,HT-0463,Battle of Chaldiran,Battle of Chaldiran,Battle,Battle,Ottoman / Safavid,REG-0077,Timeline,Legacy v0.16 inclusion; normalized from one or more historically significant timeline records.,Historical chronology,,Did not end long Ottoman-Safavid competition.
ENT-0441,HT-0464,Mughal Empire — major imperial phase,Mughal Empire — major imperial phase,Empire,Empire,Mughal,REG-0204,Timeline,Legacy v0.16 inclusion; normalized from one or more historically significant timeline records.,Historical chronology,,Political power declined substantially before formal 1857 endpoint.
ENT-0442,HT-0466,Shah Jahan and Taj Mahal,Shah Jahan and Taj Mahal,Ruler / architecture,Ruler / architecture,Mughal,REG-0204,Timeline,Legacy v0.16 inclusion; normalized from one or more historically significant timeline records.,Historical / architectural chronology,,Ruler and monument can later separate.
ENT-0443,HT-0467,Tokugawa shogunate / Edo period,Tokugawa shogunate / Edo period,State / historical period,State / historical period,Japanese,REG-0137,Timeline,Legacy v0.16 inclusion; normalized from one or more historically significant timeline records.,Historical chronology,,Imperial court continued alongside shogunate.
ENT-0444,HT-0468,Tokugawa Ieyasu,Tokugawa Ieyasu,Ruler / shogun,Ruler / shogun,Japanese,REG-0137,Timeline,Legacy v0.16 inclusion; normalized from one or more historically significant timeline records.,Historical chronology,,Person record.
ENT-0445,HT-0471,Kingdom of Kongo — Christian diplomatic era,Kingdom of Kongo — Christian diplomatic era,Kingdom / religious-political interaction,Kingdom / religious-political interaction,Kongo,REG-0060,Timeline,Legacy v0.16 inclusion; normalized from one or more historically significant timeline records.,Historical chronology,,Kongo history extends beyond 1665.
ENT-0446,HT-0472,Afonso I of Kongo,Afonso I of Kongo,Ruler,Ruler,Kongo Christian,REG-0060,Timeline,Legacy v0.16 inclusion; normalized from one or more historically significant timeline records.,Historical chronology,,Reign dates approximate.
ENT-0447,HT-0473,Luba and Lunda state expansion,Luba and Lunda state expansion,States / political development,States / political development,Luba / Lunda,REG-0060,Timeline,Legacy v0.16 inclusion; normalized from one or more historically significant timeline records.,Historical chronology,,Separate Luba/Lunda entities later.
ENT-0448,HT-0474,Kuba Kingdom,Kuba Kingdom,Kingdom,Kingdom,Kuba,REG-0060,Timeline,Legacy v0.16 inclusion; normalized from one or more historically significant timeline records.,Historical chronology,,End date approximate display horizon.
ENT-0449,HT-0475,Asante state formation and expansion,Asante state formation and expansion,Kingdom / empire,Kingdom / empire,Asante / Akan,REG-0231,Timeline,Legacy v0.16 inclusion; normalized from one or more historically significant timeline records.,Historical chronology,,Continues into 19th century.
ENT-0450,HT-0476,Oyo Empire — major phase,Oyo Empire — major phase,Empire / state,Empire / state,Yoruba / Oyo,REG-0231,Timeline,Legacy v0.16 inclusion; normalized from one or more historically significant timeline records.,Historical chronology,,Earlier origins and 19th-century decline later refine.
ENT-0451,HT-0477,Gondarine period of Christian Ethiopia,Gondarine period of Christian Ethiopia,Historical / cultural period,Historical / cultural period,Ethiopian Christian,REG-0092,Timeline,Legacy v0.16 inclusion; normalized from one or more historically significant timeline records.,Historical chronology,,Period dates conventional.
ENT-0452,HT-0478,Omani control of East African coast — major phase,Omani control of East African coast — major phase,Maritime empire / trade network,Maritime empire / trade network,Omani / Swahili,REG-0074,Timeline,Legacy v0.16 inclusion; normalized from one or more historically significant timeline records.,Historical chronology,,Zanzibar-centered phase intensifies later.
ENT-0453,HT-0479,Columbus first Atlantic voyage,Columbus first Atlantic voyage,Maritime voyage / encounter,Maritime voyage / encounter,Spanish / Genoese,REG-0028,Timeline,Legacy v0.16 inclusion; normalized from one or more historically significant timeline records.,Historical chronology,,Not 'discovery' of inhabited Americas.
ENT-0454,HT-0481,Transatlantic slave trade — early modern expansion,Transatlantic slave trade — early modern expansion,Forced migration / economic system,Forced migration / economic system,African / European / American Atlantic,REG-0033,Timeline,Legacy v0.16 inclusion; normalized from one or more historically significant timeline records.,Historical chronology,,Continued into 19th century; quantify later with SlaveVoyages specialist dataset.
ENT-0455,HT-0482,Hernán Cortés and conquest of Tenochtitlan,Hernán Cortés and conquest of Tenochtitlan,Conquest / colonial war,Conquest / colonial war,Spanish / Indigenous Mesoamerican alliances / Mexica,REG-0064,Timeline,Legacy v0.16 inclusion; normalized from one or more historically significant timeline records.,Historical chronology,,Avoid Spanish-only conquest narrative.
ENT-0456,HT-0483,Francisco Pizarro and seizure of Atahualpa,Francisco Pizarro and seizure of Atahualpa,Conquest / colonial war,Conquest / colonial war,Spanish / Inca,REG-0018,Timeline,Legacy v0.16 inclusion; normalized from one or more historically significant timeline records.,Historical chronology,,Not endpoint of Inca resistance.
ENT-0457,HT-0484,Powhatan paramount chiefdom / Tsenacommacah,Powhatan paramount chiefdom / Tsenacommacah,Indigenous polity,Indigenous polity,Powhatan,REG-0228,Timeline,Legacy v0.16 inclusion; normalized from one or more historically significant timeline records.,Historical / ethnohistorical chronology,,Dates approximate; polity existed before English settlement.
ENT-0458,HT-0485,Jamestown founded,Jamestown founded,Colonial settlement / encounter,Colonial settlement / encounter,English / Powhatan world,REG-0227,Timeline,Legacy v0.16 inclusion; normalized from one or more historically significant timeline records.,Historical chronology,,Indigenous context explicitly retained.
ENT-0459,HT-0486,Wampanoag–Plymouth encounter and alliance era,Wampanoag–Plymouth encounter and alliance era,Indigenous-colonial interaction,Indigenous-colonial interaction,Wampanoag / English,REG-0167,Timeline,Legacy v0.16 inclusion; normalized from one or more historically significant timeline records.,Historical chronology,,Do not reduce to Thanksgiving narrative.
ENT-0460,HT-0487,Haudenosaunee Confederacy — early modern diplomatic power,Haudenosaunee Confederacy — early modern diplomatic power,Indigenous confederacy,Indigenous confederacy,Haudenosaunee / Iroquois,REG-0182,Timeline,Legacy v0.16 inclusion; normalized from one or more historically significant timeline records.,Traditional / historical chronology,,Founding chronology varies in oral and scholarly traditions; do not force one date.
ENT-0461,HT-0488,Pueblo Revolt,Pueblo Revolt,Indigenous uprising,Indigenous uprising,Pueblo peoples / Spanish colonial,REG-0213,Timeline,Legacy v0.16 inclusion; normalized from one or more historically significant timeline records.,Historical chronology,,Multiple Pueblo communities and leaders.
ENT-0462,HT-0489,Portuguese Estado da Índia / Indian Ocean imperial network,Portuguese Estado da Índia / Indian Ocean imperial network,Maritime imperial network,Maritime imperial network,Portuguese,REG-0123,Timeline,Legacy v0.16 inclusion; normalized from one or more historically significant timeline records.,Historical chronology,,Did not create Indian Ocean trade.
ENT-0463,HT-0490,Vasco da Gama reaches India by sea,Vasco da Gama reaches India by sea,Maritime voyage,Maritime voyage,Portuguese,REG-0029,Timeline,Legacy v0.16 inclusion; normalized from one or more historically significant timeline records.,Historical chronology,,"Route connection, not discovery of India."
ENT-0464,HT-0492,Printing press with movable metal type in Europe,Printing press with movable metal type in Europe,Technology / information milestone,Technology / information milestone,European,REG-0096,Timeline,Legacy v0.16 inclusion; normalized from one or more historically significant timeline records.,Technological chronology,,Explicitly not the invention of printing globally.
ENT-0465,HT-0493,William Shakespeare,William Shakespeare,Playwright / poet,Playwright / poet,English,REG-0091,Timeline,Legacy v0.16 inclusion; normalized from one or more historically significant timeline records.,Historical chronology,,Person record.
ENT-0466,HT-0494,Thirty Years' War,Thirty Years' War,War / religious-political conflict,War / religious-political conflict,European,REG-0063,Timeline,Legacy v0.16 inclusion; normalized from one or more historically significant timeline records.,Historical chronology,,Not solely a religious war.
ENT-0467,HT-0495,Peace of Westphalia,Peace of Westphalia,Diplomatic settlement,Diplomatic settlement,European states,REG-0096,Timeline,Legacy v0.16 inclusion; normalized from one or more historically significant timeline records.,Historical chronology,,Avoid simplistic claim that it invented modern sovereignty.
ENT-0468,HT-0496,English Glorious Revolution,English Glorious Revolution,Political transition,Political transition,English / British,REG-0044,Timeline,Legacy v0.16 inclusion; normalized from one or more historically significant timeline records.,Historical chronology,,Political process.
ENT-0469,HT-0498,United States Declaration of Independence,United States Declaration of Independence,Political document,Political document,American,REG-0174,Timeline,Legacy v0.16 inclusion; normalized from one or more historically significant timeline records.,Historical / documentary chronology,,Primary document milestone.
ENT-0470,HT-0499,French Revolution,French Revolution,Revolution,Revolution,French,REG-0107,Timeline,Legacy v0.16 inclusion; normalized from one or more historically significant timeline records.,Historical chronology,,Multiple phases.
ENT-0471,HT-0502,Napoleon Bonaparte,Napoleon Bonaparte,Ruler / military leader,Ruler / military leader,French,REG-0100,Timeline,Legacy v0.16 inclusion; normalized from one or more historically significant timeline records.,Historical chronology,,Person and Napoleonic Wars later separable.
ENT-0472,HT-0503,Congress of Vienna,Congress of Vienna,Diplomatic settlement,Diplomatic settlement,European states,REG-0096,Timeline,Legacy v0.16 inclusion; normalized from one or more historically significant timeline records.,Historical chronology,,"European diplomatic framework, not global settlement."
ENT-0473,HT-0504,Spanish American wars of independence,Spanish American wars of independence,Revolutions / wars of independence,Revolutions / wars of independence,Latin American,REG-0146,Timeline,Legacy v0.16 inclusion; normalized from one or more historically significant timeline records.,Historical chronology,,Multiple distinct regional revolutions.
ENT-0474,HT-0506,Mexican War of Independence,Mexican War of Independence,War of independence,War of independence,Mexican,REG-0162,Timeline,Legacy v0.16 inclusion; normalized from one or more historically significant timeline records.,Historical chronology,,Complex multistage conflict.
ENT-0475,HT-0507,Industrial Revolution — major British/Atlantic phase,Industrial Revolution — major British/Atlantic phase,Economic / technological transformation,Economic / technological transformation,Industrial,REG-0045,Timeline,Legacy v0.16 inclusion; normalized from one or more historically significant timeline records.,Historical / technological chronology,,Not a single event and not globally simultaneous.
ENT-0476,HT-0509,Railway expansion,Railway expansion,Transport / technology diffusion,Transport / technology diffusion,Industrial,REG-0111,Timeline,Legacy v0.16 inclusion; normalized from one or more historically significant timeline records.,Technological / economic chronology,,Regional adoption dates differ.
ENT-0477,HT-0510,Electric telegraph networks,Electric telegraph networks,Communications technology,Communications technology,Industrial / global,REG-0111,Timeline,Legacy v0.16 inclusion; normalized from one or more historically significant timeline records.,Technological chronology,,Multiple inventors/systems; avoid single-inventor simplification.
ENT-0478,HT-0511,Charles Darwin,Charles Darwin,Naturalist / scientist,Naturalist / scientist,British scientific,REG-0113,Timeline,Legacy v0.16 inclusion; normalized from one or more historically significant timeline records.,Historical chronology,,Human evolution evidence later continued separately.
ENT-0479,HT-0512,On the Origin of Species,On the Origin of Species,Scientific text,Scientific text,Evolutionary biology,REG-0044,Timeline,Legacy v0.16 inclusion; normalized from one or more historically significant timeline records.,Textual / scientific chronology,,Text record separate from author.
ENT-0480,HT-0513,Louis Pasteur,Louis Pasteur,Scientist,Scientist,French scientific,REG-0107,Timeline,Legacy v0.16 inclusion; normalized from one or more historically significant timeline records.,Historical chronology,,Germ theory involved multiple researchers.
ENT-0481,HT-0514,Germ theory and antiseptic medicine — major consolidation,Germ theory and antiseptic medicine — major consolidation,Scientific / medical transition,Scientific / medical transition,Global medicine,REG-0104,Timeline,Legacy v0.16 inclusion; normalized from one or more historically significant timeline records.,Scientific chronology,,Long multi-person development.
ENT-0482,HT-0515,Abolition of British Atlantic slave trade,Abolition of British Atlantic slave trade,Legal / abolition event,Legal / abolition event,British imperial / abolitionist,REG-0033,Timeline,Legacy v0.16 inclusion; normalized from one or more historically significant timeline records.,Historical chronology,,Trade abolition distinct from slavery abolition.
ENT-0483,HT-0516,British Slavery Abolition Act,British Slavery Abolition Act,Legal / emancipation event,Legal / emancipation event,British imperial,REG-0049,Timeline,Legacy v0.16 inclusion; normalized from one or more historically significant timeline records.,Historical chronology,,"Compensation went to slaveholders, not enslaved people."
ENT-0484,HT-0517,United States Civil War,United States Civil War,Civil war,Civil war,United States,REG-0174,Timeline,Legacy v0.16 inclusion; normalized from one or more historically significant timeline records.,Historical chronology,,Regional and emancipation chronology later deepen.
ENT-0485,HT-0519,Thirteenth Amendment abolishes slavery in United States,Thirteenth Amendment abolishes slavery in United States,Constitutional / emancipation event,Constitutional / emancipation event,United States,REG-0174,Timeline,Legacy v0.16 inclusion; normalized from one or more historically significant timeline records.,Historical chronology,,"Exception clause preserved verbatim conceptually, not quoted."
ENT-0486,HT-0520,Brazil abolishes slavery — Lei Áurea,Brazil abolishes slavery — Lei Áurea,Legal / emancipation event,Legal / emancipation event,Brazilian,REG-0203,Timeline,Legacy v0.16 inclusion; normalized from one or more historically significant timeline records.,Historical chronology,,Post-emancipation inequality continued.
ENT-0487,HT-0521,Zulu Kingdom — major phase,Zulu Kingdom — major phase,Kingdom,Kingdom,Zulu,REG-0211,Timeline,Legacy v0.16 inclusion; normalized from one or more historically significant timeline records.,Historical chronology,,State history continues after 1879 under altered sovereignty.
ENT-0488,HT-0522,Shaka kaSenzangakhona,Shaka kaSenzangakhona,Ruler / military leader,Ruler / military leader,Zulu,REG-0211,Timeline,Legacy v0.16 inclusion; normalized from one or more historically significant timeline records.,Historical chronology,,Avoid older monocausal 'mfecane caused by Shaka' framing.
ENT-0489,HT-0523,Sokoto Caliphate,Sokoto Caliphate,Caliphate / state,Caliphate / state,Fulani / Hausa / Islamic,REG-0231,Timeline,Legacy v0.16 inclusion; normalized from one or more historically significant timeline records.,Historical chronology,,Regional emirates retained varying autonomy.
ENT-0490,HT-0524,Usman dan Fodio,Usman dan Fodio,Religious / political leader,Religious / political leader,Fulani / Islamic,REG-0231,Timeline,Legacy v0.16 inclusion; normalized from one or more historically significant timeline records.,Historical chronology,,Person record.
ENT-0491,HT-0525,Ethiopian imperial reunification — Tewodros II to Menelik II,Ethiopian imperial reunification — Tewodros II to Menelik II,State transformation,State transformation,Ethiopian,REG-0120,Timeline,Legacy v0.16 inclusion; normalized from one or more historically significant timeline records.,Historical chronology,,Complex internal conquest and incorporation must remain visible.
ENT-0492,HT-0526,Battle of Adwa,Battle of Adwa,Battle / anti-colonial victory,Battle / anti-colonial victory,Ethiopian / Italian,REG-0092,Timeline,Legacy v0.16 inclusion; normalized from one or more historically significant timeline records.,Historical chronology,,Major global synchronization anchor.
ENT-0493,HT-0527,European Scramble for Africa — major partition phase,European Scramble for Africa — major partition phase,Imperial expansion / colonial partition,Imperial expansion / colonial partition,European imperial / African societies,REG-0004,Timeline,Legacy v0.16 inclusion; normalized from one or more historically significant timeline records.,Historical chronology,,Africa was not passively partitioned.
ENT-0494,HT-0532,First Sino-Japanese War,First Sino-Japanese War,War,War,Qing Chinese / Japanese,REG-0076,Timeline,Legacy v0.16 inclusion; normalized from one or more historically significant timeline records.,Historical chronology,,Major East Asian transition.
ENT-0495,HT-0533,Qing Self-Strengthening Movement,Qing Self-Strengthening Movement,Reform / modernization movement,Reform / modernization movement,Qing Chinese,REG-0066,Timeline,Legacy v0.16 inclusion; normalized from one or more historically significant timeline records.,Historical chronology,,Decentralized reform efforts.
ENT-0496,HT-0535,Opium Wars,Opium Wars,Wars / imperial-commercial conflict,Wars / imperial-commercial conflict,Qing Chinese / British & allied imperial,REG-0066,Timeline,Legacy v0.16 inclusion; normalized from one or more historically significant timeline records.,Historical chronology,,Two wars combined as backbone record.
ENT-0497,HT-0536,Ottoman Tanzimat reforms,Ottoman Tanzimat reforms,State reform period,State reform period,Ottoman,REG-0188,Timeline,Legacy v0.16 inclusion; normalized from one or more historically significant timeline records.,Historical chronology,,Multiple edicts and reforms.
ENT-0498,HT-0537,Greek War of Independence,Greek War of Independence,War of independence,War of independence,Greek / Ottoman,REG-0210,Timeline,Legacy v0.16 inclusion; normalized from one or more historically significant timeline records.,Historical chronology,,Regional Ottoman context.
ENT-0499,HT-0538,Italian unification,Italian unification,National unification,National unification,Italian,REG-0134,Timeline,Legacy v0.16 inclusion; normalized from one or more historically significant timeline records.,Historical chronology,,Longer intellectual roots predate 1848.
ENT-0500,HT-0539,German unification,German unification,National unification,National unification,German,REG-0063,Timeline,Legacy v0.16 inclusion; normalized from one or more historically significant timeline records.,Historical chronology,,Nation-building roots earlier.
ENT-0501,HT-0540,Revolutions of 1848,Revolutions of 1848,Revolutionary wave,Revolutionary wave,European,REG-0096,Timeline,Legacy v0.16 inclusion; normalized from one or more historically significant timeline records.,Historical chronology,,Different local programs and outcomes.
ENT-0502,HT-0541,Crimean War,Crimean War,War,War,Russian / Ottoman / British / French / Sardinian,REG-0043,Timeline,Legacy v0.16 inclusion; normalized from one or more historically significant timeline records.,Historical chronology,,Global imperial context later deepen.
ENT-0503,HT-0542,Florence Nightingale,Florence Nightingale,Nurse / statistician / reformer,Nurse / statistician / reformer,British,REG-0046,Timeline,Legacy v0.16 inclusion; normalized from one or more historically significant timeline records.,Historical chronology,,Person record.
ENT-0504,HT-0543,Second Industrial Revolution,Second Industrial Revolution,Economic / technological transformation,Economic / technological transformation,Industrial / global,REG-0102,Timeline,Legacy v0.16 inclusion; normalized from one or more historically significant timeline records.,Historical / technological chronology,,Periodization conventional.
ENT-0505,HT-0544,Electrification — major urban-industrial diffusion,Electrification — major urban-industrial diffusion,Technology diffusion,Technology diffusion,Industrial / global,REG-0111,Timeline,Legacy v0.16 inclusion; normalized from one or more historically significant timeline records.,Technological chronology,,Multiple inventors and competing systems.
ENT-0506,HT-0545,Telephone networks,Telephone networks,Communications technology,Communications technology,Industrial / global,REG-0111,Timeline,Legacy v0.16 inclusion; normalized from one or more historically significant timeline records.,Technological chronology,,Bell patent milestone not sole invention story.
ENT-0507,HT-0546,Wounded Knee Massacre,Wounded Knee Massacre,Massacre / Indigenous dispossession,Massacre / Indigenous dispossession,Lakota / United States,REG-0174,Timeline,Legacy v0.16 inclusion; normalized from one or more historically significant timeline records.,Historical chronology,,"Use massacre, not battle, in display."
ENT-0508,HT-0547,Indian Removal / Trail of Tears era,Indian Removal / Trail of Tears era,Forced migration / dispossession,Forced migration / dispossession,Southeastern Indigenous nations / United States,REG-0174,Timeline,Legacy v0.16 inclusion; normalized from one or more historically significant timeline records.,Historical chronology,,Multiple nations and removal routes.
ENT-0509,HT-0548,New Zealand Wars,New Zealand Wars,Wars / colonial conflict,Wars / colonial conflict,Māori / British colonial,REG-0019,Timeline,Legacy v0.16 inclusion; normalized from one or more historically significant timeline records.,Historical chronology,,Multiple wars and Māori alliances.
ENT-0510,HT-0549,Australian frontier conflicts — nineteenth-century major phase,Australian frontier conflicts — nineteenth-century major phase,Colonial / Indigenous conflict,Colonial / Indigenous conflict,Aboriginal and Torres Strait Islander peoples / British colonies,REG-0034,Timeline,Legacy v0.16 inclusion; normalized from one or more historically significant timeline records.,Historical chronology,,Regional chronologies differ substantially.
ENT-0511,HT-0550,Russo-Japanese War,Russo-Japanese War,War,War,Russian / Japanese,REG-0076,Timeline,Legacy v0.16 inclusion; normalized from one or more historically significant timeline records.,Historical chronology,,Bridge toward 20th-century global conflict.
ENT-0512,HT-0551,Xinhai Revolution and fall of Qing dynasty,Xinhai Revolution and fall of Qing dynasty,Revolution / regime change,Revolution / regime change,Chinese,REG-0066,Timeline,Legacy v0.16 inclusion; normalized from one or more historically significant timeline records.,Historical chronology,,Political fragmentation followed; not an immediate stable republic.
ENT-0513,HT-0552,Sun Yat-sen,Sun Yat-sen,Political leader / revolutionary,Political leader / revolutionary,Chinese republican,REG-0066,Timeline,Legacy v0.16 inclusion; normalized from one or more historically significant timeline records.,Historical chronology,,Person record.
ENT-0514,HT-0554,Assassination of Archduke Franz Ferdinand,Assassination of Archduke Franz Ferdinand,Political assassination / war trigger,Political assassination / war trigger,Austro-Hungarian / Serbian-Bosnian context,REG-0200,Timeline,Legacy v0.16 inclusion; normalized from one or more historically significant timeline records.,Historical chronology,,"Trigger, not sole cause of war."
ENT-0515,HT-0556,Russian Revolutions,Russian Revolutions,Revolution / regime change,Revolution / regime change,Russian,REG-0197,Timeline,Legacy v0.16 inclusion; normalized from one or more historically significant timeline records.,Historical chronology,,Two major revolutions combined as backbone record.
ENT-0516,HT-0557,Russian Civil War,Russian Civil War,Civil war,Civil war,Russian / Soviet / anti-Bolshevik,REG-0106,Timeline,Legacy v0.16 inclusion; normalized from one or more historically significant timeline records.,Historical chronology,,Multiple armies and regional conflicts.
ENT-0517,HT-0558,Union of Soviet Socialist Republics founded,Union of Soviet Socialist Republics founded,State formation,State formation,Soviet,REG-0094,Timeline,Legacy v0.16 inclusion; normalized from one or more historically significant timeline records.,Historical chronology,,State later expanded and changed boundaries.
ENT-0518,HT-0559,Ottoman Empire dissolved,Ottoman Empire dissolved,Imperial dissolution / regime change,Imperial dissolution / regime change,Ottoman / Turkish,REG-0014,Timeline,Legacy v0.16 inclusion; normalized from one or more historically significant timeline records.,Historical chronology,,Postwar partition and Turkish War of Independence require separate detail.
ENT-0519,HT-0560,Republic of Turkey established,Republic of Turkey established,State formation,State formation,Turkish republican,REG-0222,Timeline,Legacy v0.16 inclusion; normalized from one or more historically significant timeline records.,Historical chronology,,Major post-Ottoman transition.
ENT-0520,HT-0561,League of Nations,League of Nations,International organization,International organization,International,REG-0111,Timeline,Legacy v0.16 inclusion; normalized from one or more historically significant timeline records.,Historical chronology,,Predecessor context for United Nations.
ENT-0521,HT-0562,1918 influenza pandemic,1918 influenza pandemic,Pandemic,Pandemic,Global,REG-0111,Timeline,Legacy v0.16 inclusion; normalized from one or more historically significant timeline records.,Historical / epidemiological chronology,,Mortality estimates vary.
ENT-0522,HT-0563,Indian independence movement — mass nationalist phase,Indian independence movement — mass nationalist phase,Anti-colonial / independence movement,Anti-colonial / independence movement,Indian,REG-0204,Timeline,Legacy v0.16 inclusion; normalized from one or more historically significant timeline records.,Historical chronology,,Multiple movements and leaders; not reducible to one strategy.
ENT-0523,HT-0564,Mahatma Gandhi,Mahatma Gandhi,Political / social leader,Political / social leader,Indian nationalist,REG-0204,Timeline,Legacy v0.16 inclusion; normalized from one or more historically significant timeline records.,Historical chronology,,Person record.
ENT-0524,HT-0565,Salt March,Salt March,Civil disobedience campaign,Civil disobedience campaign,Indian nationalist,REG-0122,Timeline,Legacy v0.16 inclusion; normalized from one or more historically significant timeline records.,Historical chronology,,Campaign continued beyond march itself.
ENT-0525,HT-0566,May Fourth Movement,May Fourth Movement,Political / cultural movement,Political / cultural movement,Chinese,REG-0066,Timeline,Legacy v0.16 inclusion; normalized from one or more historically significant timeline records.,Historical chronology,,Broader intellectual movement extends beyond dates.
ENT-0526,HT-0567,Chinese Communist Party founded,Chinese Communist Party founded,Political organization,Political organization,Chinese communist,REG-0066,Timeline,Legacy v0.16 inclusion; normalized from one or more historically significant timeline records.,Historical chronology,,Founding congress chronology.
ENT-0527,HT-0568,Chinese Civil War — pre-1945 phases,Chinese Civil War — pre-1945 phases,Civil war,Civil war,Chinese Nationalist / Communist,REG-0066,Timeline,Legacy v0.16 inclusion; normalized from one or more historically significant timeline records.,Historical chronology,,Full civil war extends to 1949.
ENT-0528,HT-0569,Second Sino-Japanese War,Second Sino-Japanese War,War,War,Chinese / Japanese,REG-0076,Timeline,Legacy v0.16 inclusion; normalized from one or more historically significant timeline records.,Historical chronology,,Conflict roots predate 1937.
ENT-0529,HT-0570,Nanjing Massacre,Nanjing Massacre,Massacre / war crime,Massacre / war crime,Chinese civilians / Imperial Japanese forces,REG-0166,Timeline,Legacy v0.16 inclusion; normalized from one or more historically significant timeline records.,Historical chronology,,Victim estimates vary.
ENT-0530,HT-0572,New Deal,New Deal,Economic / social policy program,Economic / social policy program,United States,REG-0223,Timeline,Legacy v0.16 inclusion; normalized from one or more historically significant timeline records.,Historical chronology,,Did not end all Depression-era hardship.
ENT-0531,HT-0573,Rise of Nazi Germany,Rise of Nazi Germany,Dictatorship / political transformation,Dictatorship / political transformation,German Nazi,REG-0109,Timeline,Legacy v0.16 inclusion; normalized from one or more historically significant timeline records.,Historical chronology,,Political consolidation occurred rapidly after January 1933.
ENT-0532,HT-0574,Adolf Hitler,Adolf Hitler,Dictator,Dictator,German Nazi,REG-0110,Timeline,Legacy v0.16 inclusion; normalized from one or more historically significant timeline records.,Historical chronology,,Person record.
ENT-0533,HT-0576,Italian Fascist regime,Italian Fascist regime,Dictatorship / political movement,Dictatorship / political movement,Italian Fascist,REG-0134,Timeline,Legacy v0.16 inclusion; normalized from one or more historically significant timeline records.,Historical chronology,,Italian Social Republic later separate if needed.
ENT-0534,HT-0577,Second Italo-Ethiopian War,Second Italo-Ethiopian War,War / colonial invasion,War / colonial invasion,Ethiopian / Fascist Italian,REG-0092,Timeline,Legacy v0.16 inclusion; normalized from one or more historically significant timeline records.,Historical chronology,,Ethiopian resistance continued during occupation.
ENT-0535,HT-0578,Spanish Civil War,Spanish Civil War,Civil war,Civil war,Spanish Republican / Nationalist,REG-0214,Timeline,Legacy v0.16 inclusion; normalized from one or more historically significant timeline records.,Historical chronology,,Foreign intervention important.
ENT-0536,HT-0579,Pablo Picasso's Guernica,Pablo Picasso's Guernica,Artwork / war response,Artwork / war response,Spanish / modern art,REG-0215,Timeline,Legacy v0.16 inclusion; normalized from one or more historically significant timeline records.,Art-historical chronology,,Artwork distinct from bombing event.
ENT-0537,HT-0580,Women's suffrage — major global expansion,Women's suffrage — major global expansion,Political rights movement,Political rights movement,Global women's movements,REG-0111,Timeline,Legacy v0.16 inclusion; normalized from one or more historically significant timeline records.,Historical chronology,,Requires country-level claims later.
ENT-0538,HT-0581,Nineteenth Amendment to U.S. Constitution,Nineteenth Amendment to U.S. Constitution,Constitutional / suffrage event,Constitutional / suffrage event,United States,REG-0223,Timeline,Legacy v0.16 inclusion; normalized from one or more historically significant timeline records.,Historical chronology,,Legal milestone did not produce universal practical enfranchisement.
ENT-0539,HT-0583,Attack on Pearl Harbor,Attack on Pearl Harbor,Military attack,Military attack,Imperial Japanese / United States,REG-0119,Timeline,Legacy v0.16 inclusion; normalized from one or more historically significant timeline records.,Historical chronology,,Part of simultaneous Japanese offensives across Pacific and Southeast Asia.
ENT-0540,HT-0584,Battle of Stalingrad,Battle of Stalingrad,Battle,Battle,Soviet / German Axis,REG-0078,Timeline,Legacy v0.16 inclusion; normalized from one or more historically significant timeline records.,Historical chronology,,Extremely high military and civilian losses.
ENT-0541,HT-0585,D-Day / Normandy landings,D-Day / Normandy landings,Military operation,Military operation,Allied / German,REG-0241,Timeline,Legacy v0.16 inclusion; normalized from one or more historically significant timeline records.,Historical chronology,,Eastern Front remained larger land theater.
ENT-0542,HT-0586,Manhattan Project,Manhattan Project,Scientific / military program,Scientific / military program,United States / Allied,REG-0223,Timeline,Legacy v0.16 inclusion; normalized from one or more historically significant timeline records.,Historical chronology,,International scientific participation.
ENT-0543,HT-0589,Penicillin — discovery to wartime mass production,Penicillin — discovery to wartime mass production,Medical discovery / technology diffusion,Medical discovery / technology diffusion,Global medicine,REG-0048,Timeline,Legacy v0.16 inclusion; normalized from one or more historically significant timeline records.,Scientific / medical chronology,,Explicit multi-person development.
ENT-0544,HT-0590,Insulin introduced as diabetes treatment,Insulin introduced as diabetes treatment,Medical innovation,Medical innovation,Global medicine,REG-0053,Timeline,Legacy v0.16 inclusion; normalized from one or more historically significant timeline records.,Scientific / medical chronology,,Team contributions and patent history later deepen.
ENT-0545,HT-0591,Powered flight — early aviation expansion,Powered flight — early aviation expansion,Technology / transport,Technology / transport,Global aviation,REG-0111,Timeline,Legacy v0.16 inclusion; normalized from one or more historically significant timeline records.,Technological chronology,,"Wright flight is milestone, not entire aviation history."
ENT-0546,HT-0592,Charles Lindbergh transatlantic solo flight,Charles Lindbergh transatlantic solo flight,Aviation event,Aviation event,American aviation,REG-0025,Timeline,Legacy v0.16 inclusion; normalized from one or more historically significant timeline records.,Historical / technological chronology,,Not first transatlantic flight overall.
ENT-0547,HT-0593,Radio broadcasting — mass expansion,Radio broadcasting — mass expansion,Communications / media technology,Communications / media technology,Global,REG-0111,Timeline,Legacy v0.16 inclusion; normalized from one or more historically significant timeline records.,Technological / cultural chronology,,Regional adoption varied.
ENT-0548,HT-0594,Harlem Renaissance,Harlem Renaissance,Cultural movement,Cultural movement,African American,REG-0223,Timeline,Legacy v0.16 inclusion; normalized from one or more historically significant timeline records.,Cultural chronology,,Movement extended beyond Harlem geographically.
ENT-0549,HT-0595,Great Migration — first major wave,Great Migration — first major wave,Migration / demographic transformation,Migration / demographic transformation,African American,REG-0223,Timeline,Legacy v0.16 inclusion; normalized from one or more historically significant timeline records.,Historical / demographic chronology,,Second major wave continues after 1940.
ENT-0550,HT-0596,Mexican Revolution,Mexican Revolution,Revolution / civil war,Revolution / civil war,Mexican,REG-0162,Timeline,Legacy v0.16 inclusion; normalized from one or more historically significant timeline records.,Historical chronology,,Violence and political consolidation extend beyond 1920.
ENT-0551,HT-0597,Mexican Constitution of 1917,Mexican Constitution of 1917,Constitutional event,Constitutional event,Mexican,REG-0162,Timeline,Legacy v0.16 inclusion; normalized from one or more historically significant timeline records.,Historical / documentary chronology,,Implementation varied.
ENT-0552,HT-0598,Pan-African Congress movement — early phase,Pan-African Congress movement — early phase,Political / intellectual movement,Political / intellectual movement,Pan-African,REG-0027,Timeline,Legacy v0.16 inclusion; normalized from one or more historically significant timeline records.,Historical chronology,,Earlier Pan-African organizing predates 1919.
ENT-0553,HT-0599,W.E.B. Du Bois,W.E.B. Du Bois,Scholar / activist,Scholar / activist,African American / Pan-African,REG-0224,Timeline,Legacy v0.16 inclusion; normalized from one or more historically significant timeline records.,Historical chronology,,Person extends beyond 1945.
ENT-0554,HT-0600,Atlantic Charter and wartime self-determination debate,Atlantic Charter and wartime self-determination debate,Diplomatic declaration,Diplomatic declaration,Allied / global anticolonial reception,REG-0030,Timeline,Legacy v0.16 inclusion; normalized from one or more historically significant timeline records.,Historical chronology,,Not a binding promise of immediate decolonization.
